time,AQI,SO2,PM2.5,PM10,NO2,CO,O3_8h
2020/1/1,59,9,42,58,27,0.9,64
2020/1/2,70,11,51,76,29,0.8,64
2020/1/3,85,10,63,92,28,0.9,82
2020/1/4,84,12,62,84,27,1.1,83
2020/1/5,80,10,59,86,31,0.9,130
2020/1/6,57,9,36,64,28,0.5,79
2020/1/7,50,8,25,50,21,0.5,82
2020/1/8,48,10,23,41,22,1.1,96
2020/1/9,72,12,50,93,35,1.3,82
2020/1/10,74,10,54,79,23,1.2,27
2020/1/11,25,8,13,21,20,0.9,26
2020/1/12,40,8,20,28,15,0.8,80
2020/1/13,58,8,41,58,21,0.9,50
2020/1/14,29,7,20,24,18,0.9,35
2020/1/15,29,8,19,29,23,0.8,19
2020/1/16,28,6,12,15,17,1.1,31
2020/1/17,36,6,25,27,12,0.8,50
2020/1/18,57,6,40,48,13,0.7,47
2020/1/19,39,6,27,33,17,0.9,58
2020/1/20,72,6,52,65,21,0.9,48
2020/1/21,67,7,48,69,19,0.8,80
2020/1/22,51,7,34,51,16,0.7,80
2020/1/23,58,6,41,55,15,0.8,51
2020/1/24,35,5,24,27,10,1.1,24
2020/1/25,25,6,14,15,9,1,34
2020/1/26,33,6,8,9,8,1.3,44
2020/1/27,30,5,19,22,6,0.8,60
2020/1/28,40,5,28,32,7,0.8,74
2020/1/29,54,6,38,42,8,0.7,92
2020/1/30,57,7,40,45,9,0.7,101
2020/1/31,68,7,49,54,12,0.7,100
2020/2/1,122,7,92,103,18,0.9,64
2020/2/2,103,6,77,86,13,0.7,48
2020/2/3,25,6,12,12,8,0.7,50
2020/2/4,25,6,12,13,9,0.7,49
2020/2/5,30,6,21,22,9,0.7,36
2020/2/6,26,6,13,14,9,0.6,52
2020/2/7,20,6,8,8,7,0.7,40
2020/2/8,15,5,9,10,7,0.6,28
2020/2/9,24,5,9,10,6,0.6,47
2020/2/10,28,6,19,21,7,0.6,54
2020/2/11,58,7,41,48,14,0.8,37
2020/2/12,79,7,58,65,13,0.9,46
2020/2/13,37,6,16,20,8,0.6,73
2020/2/14,30,7,10,13,6,0.5,59
2020/2/15,32,6,7,9,6,0.5,64
2020/2/16,39,7,8,13,5,0.3,78
2020/2/17,45,9,14,22,7,0.5,89
2020/2/18,49,9,25,33,11,0.6,98
2020/2/19,73,8,53,62,18,0.7,72
2020/2/20,117,7,88,104,20,0.9,89
2020/2/21,85,7,63,78,15,0.8,116
2020/2/22,74,8,54,64,13,0.7,104
2020/2/23,69,7,50,61,14,0.7,108
2020/2/24,53,6,37,49,14,0.6,93
2020/2/25,56,6,37,61,20,0.7,61
2020/2/26,77,7,56,74,21,0.7,80
2020/2/27,64,7,46,62,18,0.7,110
2020/2/28,42,6,29,41,14,0.6,74
2020/2/29,53,6,37,53,20,0.7,80
2020/3/1,36,6,25,30,12,0.7,60
2020/3/2,36,7,25,32,12,0.8,62
2020/3/3,20,7,13,15,11,0.8,31
2020/3/4,23,6,6,7,9,0.7,46
2020/3/5,25,7,13,19,12,0.7,49
2020/3/6,30,7,21,29,19,0.8,39
2020/3/7,31,7,16,26,14,0.8,62
2020/3/8,32,7,21,32,14,0.6,59
2020/3/9,30,7,15,25,11,0.9,59
2020/3/10,49,7,21,30,12,0.8,98
2020/3/11,49,9,33,49,17,0.6,66
2020/3/12,35,8,24,35,20,0.8,41
2020/3/13,23,8,15,21,11,0.7,46
2020/3/14,57,8,40,61,13,0.7,83
2020/3/15,72,9,52,84,23,0.8,73
2020/3/16,88,12,65,102,32,0.8,47
2020/3/17,43,7,30,41,16,0.7,47
2020/3/18,26,7,10,14,14,0.7,51
2020/3/19,22,8,9,15,17,0.8,43
2020/3/20,41,9,24,41,21,0.8,51
2020/3/21,40,9,24,40,21,0.8,36
2020/3/22,42,10,22,42,20,0.7,56
2020/3/23,52,10,34,53,18,0.6,77
2020/3/24,35,9,18,27,16,0.6,69
2020/3/25,36,8,16,27,17,0.6,72
2020/3/26,28,9,16,28,17,0.7,45
2020/3/27,47,6,18,21,13,0.6,93
2020/3/28,28,6,8,10,8,0.4,56
2020/3/29,21,5,10,12,10,0.5,41
2020/3/30,16,5,9,12,11,0.5,31
2020/4/1,24,6,16,24,15,0.5,29
2020/4/2,18,5,12,18,14,0.7,31
2020/4/3,18,5,6,9,12,0.7,31
2020/4/4,23,5,14,18,9,0.7,46
2020/4/5,35,5,21,23,11,0.7,69
2020/4/6,46,5,32,40,14,0.7,69
2020/4/7,58,7,41,58,23,0.9,81
2020/4/8,68,8,49,69,22,0.9,118
2020/4/9,73,7,47,69,25,0.8,127
2020/4/10,72,10,52,78,27,0.7,108
2020/4/11,42,7,29,40,18,0.6,63
2020/4/12,60,6,19,34,13,0.6,111
2020/4/13,59,8,29,46,24,0.6,110
2020/4/14,59,9,42,68,31,0.7,71
2020/4/15,78,8,34,54,22,0.6,133
2020/4/16,73,10,41,70,26,0.7,127
2020/4/17,55,8,35,60,20,0.5,86
2020/4/18,57,9,38,64,22,0.5,62
2020/4/19,43,7,26,43,14,0.5,56
2020/4/20,54,8,28,58,25,0.7,44
2020/4/21,36,6,22,36,14,0.6,58
2020/4/22,32,5,8,13,12,0.6,63
2020/4/23,34,5,14,20,13,0.5,67
2020/4/24,38,6,22,31,13,0.5,75
2020/4/25,48,7,29,44,19,0.6,96
2020/4/26,53,8,26,40,17,0.5,103
2020/4/27,72,8,31,52,23,0.6,126
2020/4/28,80,10,29,55,26,0.6,135
2020/4/29,108,10,34,61,22,0.6,168
2020/4/30,60,10,37,68,23,0.7,111
2020/5/1,56,8,38,61,21,0.6,86
2020/5/2,49,7,32,49,17,0.6,71
2020/5/3,49,7,28,49,18,0.6,80
2020/5/4,50,7,29,50,17,0.6,87
2020/5/5,56,7,37,62,17,0.7,97
2020/5/6,52,6,33,54,13,0.7,101
2020/5/7,35,6,17,35,12,0.5,58
2020/5/8,35,6,19,35,13,0.5,65
2020/5/9,44,6,21,39,12,0.6,88
2020/5/10,46,6,29,46,12,0.7,81
2020/5/11,45,8,24,39,13,0.8,90
2020/5/12,78,7,28,47,12,0.6,133
2020/5/13,59,8,33,53,17,0.7,110
2020/5/14,35,7,20,35,14,0.7,66
2020/5/15,34,7,13,32,12,0.7,67
2020/5/16,47,7,11,24,13,0.6,93
2020/5/17,35,7,17,35,16,0.6,67
2020/5/18,49,7,16,36,16,0.6,98
2020/5/19,60,8,19,39,16,0.6,112
2020/5/20,51,8,27,52,18,0.6,81
2020/5/21,43,6,26,43,17,0.8,53
2020/5/22,41,6,11,20,11,0.6,82
2020/5/23,65,7,22,41,16,0.5,117
2020/5/24,75,7,27,50,19,0.5,130
2020/5/25,47,7,28,42,14,0.5,93
2020/5/26,60,8,8,15,10,0.5,111
2020/5/27,61,8,22,31,14,0.5,113
2020/5/28,69,7,23,43,18,0.6,122
2020/5/29,55,7,23,38,14,0.6,105
2020/5/30,47,6,10,18,10,0.4,93
2020/5/31,39,6,10,22,10,0.4,78
2020/6/1,28,6,13,28,14,0.4,51
2020/6/2,31,6,10,20,11,0.4,62
2020/6/3,30,6,13,25,13,0.5,59
2020/6/4,33,6,12,25,13,0.6,65
2020/6/5,34,6,12,24,16,0.5,67
2020/6/6,35,7,16,35,19,0.5,59
2020/6/7,31,5,11,15,15,0.5,62
2020/6/8,27,6,15,23,14,0.5,53
2020/6/9,36,6,11,18,13,0.4,72
2020/6/10,33,6,12,26,12,0.4,66
2020/6/11,33,6,11,27,15,0.4,65
2020/6/12,38,6,12,25,13,0.4,76
2020/6/13,45,7,16,30,14,0.4,90
2020/6/14,31,7,12,22,11,0.4,61
2020/6/15,40,6,9,18,11,0.3,79
2020/6/16,34,6,10,20,15,0.4,67
2020/6/17,33,6,9,18,14,0.4,65
2020/6/18,32,7,10,24,13,0.4,63
2020/6/19,25,6,11,25,14,0.4,50
2020/6/20,30,6,12,27,15,0.5,60
2020/6/21,29,6,13,29,17,0.5,53
2020/6/22,36,7,14,32,15,0.5,72
2020/6/23,42,7,18,37,15,0.5,83
2020/6/24,43,7,20,37,15,0.6,85
2020/6/25,27,6,10,15,11,0.5,53
2020/6/26,29,6,14,27,14,0.5,58
2020/6/27,28,6,9,21,10,0.5,55
2020/6/28,30,7,10,24,14,0.4,60
2020/6/29,38,7,14,30,14,0.5,75
2020/6/30,53,8,24,42,16,0.6,103
2020/7/1,58,8,26,44,15,0.5,109
2020/7/2,43,7,18,32,16,0.5,85
2020/7/3,39,6,11,23,11,0.5,78
2020/7/4,37,6,12,23,12,0.5,73
2020/7/5,36,7,15,30,15,0.5,71
2020/7/6,34,6,15,27,13,0.5,68
2020/7/7,36,7,14,33,16,0.6,72
2020/7/8,39,7,20,39,16,0.6,75
2020/7/9,43,7,22,43,16,0.6,80
2020/7/10,39,6,24,39,16,0.6,59
2020/7/11,33,6,18,33,13,0.5,63
2020/7/12,38,6,16,31,12,0.5,76
2020/7/13,43,7,15,30,15,0.5,85
2020/7/14,56,7,23,41,15,0.6,107
2020/7/15,52,8,33,54,16,0.6,102
2020/7/16,54,9,38,55,16,0.6,82
2020/7/17,38,8,19,32,11,0.5,76
2020/7/18,40,8,23,40,14,0.6,79
2020/7/19,51,8,30,51,15,0.6,67
2020/7/20,45,9,27,45,15,0.5,68
2020/7/21,40,9,24,40,14,0.5,65
2020/7/22,39,10,24,39,15,0.5,65
2020/7/23,48,9,33,46,17,0.5,95
2020/7/24,49,8,31,49,16,0.5,93
2020/7/25,49,8,30,49,16,0.5,95
2020/7/26,40,7,24,40,15,0.6,66
2020/7/27,45,8,25,45,16,0.6,72
2020/7/28,45,7,20,35,13,0.5,89
2020/7/29,47,8,20,35,16,0.5,94
2020/7/30,78,7,20,33,15,0.5,133
2020/7/31,34,7,13,24,13,0.4,67
2020/8/1,21,6,10,20,12,0.5,41
2020/8/2,25,6,8,15,12,0.5,49
2020/8/3,28,6,11,21,12,0.5,56
2020/8/4,33,6,11,23,12,0.6,66
2020/8/5,27,6,10,17,11,0.5,53
2020/8/6,32,6,10,20,13,0.5,63
2020/8/7,33,8,12,27,12,0.5,65
2020/8/8,39,7,15,33,15,0.5,78
2020/8/9,42,7,22,42,14,0.6,78
2020/8/10,38,7,21,38,14,0.7,74
2020/8/11,41,6,17,29,11,0.6,82
2020/8/12,36,6,12,23,9,0.6,72
2020/8/13,28,7,10,19,12,0.6,55
2020/8/14,31,8,10,21,12,0.6,61
2020/8/15,28,9,8,21,12,0.7,56
2020/8/16,34,8,11,21,12,0.6,67
2020/8/17,41,7,12,26,13,0.7,82
2020/8/18,40,8,14,29,12,0.7,80
2020/8/19,26,7,10,21,11,0.6,52
2020/8/20,38,6,15,25,15,0.6,75
2020/8/21,31,7,13,31,14,0.5,60
2020/8/22,43,7,16,35,13,0.5,85
2020/8/23,65,8,25,43,14,0.6,117
2020/8/24,42,7,26,42,13,0.7,69
2020/8/25,36,8,15,31,13,0.7,71
2020/8/26,44,6,7,16,11,0.6,88
2020/8/27,70,8,18,38,16,0.6,124
2020/8/28,80,8,25,44,18,0.6,136
2020/8/29,81,9,34,61,20,0.7,137
2020/8/30,92,9,37,62,18,0.8,150
2020/8/31,83,9,39,63,19,0.7,139
2020/9/1,95,9,40,62,18,0.6,153
2020/9/2,75,9,34,55,18,0.6,129
2020/9/3,95,9,36,63,22,0.6,154
2020/9/4,95,9,51,82,22,0.6,153
2020/9/5,72,9,52,75,20,0.6,114
2020/9/6,52,8,31,51,19,0.5,102
2020/9/7,42,7,21,32,14,0.4,84
2020/9/8,41,8,13,25,12,0.4,81
2020/9/9,43,8,12,22,13,0.4,86
2020/9/10,33,9,12,24,13,0.4,66
2020/9/11,39,8,17,33,14,0.5,77
2020/9/12,41,7,16,23,11,0.6,82
2020/9/13,46,7,17,30,11,0.7,92
2020/9/14,48,9,28,47,14,0.7,96
2020/9/15,45,8,20,34,13,0.5,89
2020/9/16,43,10,13,27,14,0.4,86
2020/9/17,33,8,13,26,11,0.4,65
2020/9/18,40,7,12,22,11,0.5,79
2020/9/19,27,7,14,22,13,0.6,53
2020/9/20,37,7,19,30,14,0.6,73
2020/9/21,33,8,20,33,16,0.6,55
2020/9/22,30,7,15,28,15,0.4,60
2020/9/23,28,7,7,12,10,0.6,56
2020/9/24,32,7,11,19,12,0.6,64
2020/9/25,32,8,15,26,13,0.6,64
2020/9/26,29,7,10,16,13,0.6,57
2020/9/27,25,7,9,15,12,0.5,50
2020/9/28,27,8,14,23,14,0.6,53
2020/9/29,44,8,23,44,22,0.7,88
2020/9/30,31,7,13,22,11,0.7,62
2020/10/1,37,8,18,27,9,0.7,73
2020/10/2,51,8,24,36,11,0.6,101
2020/10/3,59,8,29,47,15,0.6,110
2020/10/4,46,7,24,46,15,0.6,74
2020/10/5,31,6,9,18,9,0.6,61
2020/10/6,27,7,12,20,11,0.6,54
2020/10/7,28,8,15,23,11,0.6,55
2020/10/8,30,6,17,23,12,0.7,60
2020/10/9,37,7,25,37,15,0.8,68
2020/10/10,54,9,38,54,16,0.8,101
2020/10/11,69,9,44,63,20,0.8,122
2020/10/12,81,9,48,75,20,0.8,137
2020/10/13,80,8,59,80,19,0.8,105
2020/10/14,69,6,50,58,15,0.9,64
2020/10/15,26,6,16,20,12,0.8,51
2020/10/16,24,7,9,16,12,0.8,48
2020/10/17,29,6,9,17,13,0.7,58
2020/10/18,26,6,13,19,12,0.6,51
2020/10/19,32,7,22,31,13,0.6,58
2020/10/20,32,8,22,32,14,0.7,62
2020/10/21,45,6,30,45,14,0.7,83
2020/10/22,53,8,21,46,18,0.5,103
2020/10/23,70,9,32,87,22,0.6,124
2020/10/24,82,10,36,90,26,0.7,138
2020/10/25,76,14,46,97,24,0.8,131
2020/10/26,84,13,46,86,24,0.8,140
2020/10/27,80,10,49,77,16,0.8,135
2020/10/28,76,9,51,79,20,0.8,131
2020/10/29,68,6,49,55,15,0.9,99
2020/10/30,82,6,60,75,15,1,82
2020/10/31,84,8,62,82,18,0.9,104
2020/11/1,89,8,66,81,14,1,100
2020/11/2,37,6,23,29,13,0.8,74
2020/11/3,58,8,37,66,18,0.7,95
2020/11/4,74,11,54,89,19,0.8,128
2020/11/5,70,11,51,87,26,0.8,117
2020/11/6,81,11,50,81,24,0.8,137
2020/11/7,71,11,50,79,19,0.8,125
2020/11/8,82,11,45,81,27,0.7,138
2020/11/9,79,11,41,88,28,0.6,134
2020/11/10,82,11,41,81,32,0.7,138
2020/11/11,80,13,52,91,37,0.9,135
2020/11/12,83,12,51,85,34,0.9,139
2020/11/13,77,12,50,86,36,0.9,132
2020/11/14,88,13,65,101,38,1,135
2020/11/15,114,15,86,140,38,1,120
2020/11/16,102,11,76,121,40,0.9,115
2020/11/17,68,9,49,75,26,0.6,111
2020/11/18,57,9,29,63,26,0.6,64
2020/11/19,52,9,28,54,24,0.6,69
2020/11/20,58,10,40,66,22,0.8,100
2020/11/21,63,11,45,73,23,0.8,94
2020/11/22,41,8,26,41,14,0.8,32
2020/11/23,25,7,15,25,15,0.9,26
2020/11/24,26,7,13,26,18,0.9,17
2020/11/25,41,9,26,41,21,1.1,20
2020/11/26,30,8,20,30,19,1,22
2020/11/27,23,7,12,23,15,0.8,34
2020/11/28,28,8,18,28,15,0.8,33
2020/11/29,52,8,36,48,17,1,46
2020/11/30,42,9,29,42,18,1,48
2020/12/1,36,8,25,35,16,0.9,60
2020/12/2,43,10,30,42,17,0.9,49
2020/12/3,28,7,18,28,17,0.8,36
2020/12/4,27,8,13,27,16,0.8,36
2020/12/5,39,8,26,39,15,0.8,44
2020/12/6,69,9,50,73,23,0.9,62
2020/12/7,75,10,55,81,21,0.8,65
2020/12/8,50,9,35,50,16,0.7,68
2020/12/9,52,8,34,54,22,0.8,63
2020/12/10,46,8,32,46,17,0.9,75
2020/12/11,59,9,42,62,19,1,62
2020/12/12,70,8,51,62,18,1,56
2020/12/13,68,8,49,62,23,1.2,26
2020/12/14,20,6,9,11,16,0.8,35
2020/12/15,19,6,13,15,15,0.6,27
2020/12/16,30,6,21,27,18,0.6,20
2020/12/17,43,6,30,35,19,0.6,24
2020/12/18,38,7,26,32,21,0.7,24
2020/12/19,72,10,52,82,26,0.7,49
2020/12/20,82,12,60,92,28,0.8,97
2020/12/21,93,12,69,97,31,0.9,120
2020/12/22,104,11,78,114,44,1,117
2020/12/23,100,11,75,105,33,0.9,93
2020/12/24,79,10,58,76,22,0.8,71
2020/12/25,105,11,79,119,40,1,58
2020/12/26,120,13,91,145,44,1.1,42
2020/12/27,142,15,108,146,29,1,84
2020/12/28,137,13,104,158,41,1.2,73
2020/12/29,79,9,58,90,27,1,85
2020/12/30,54,7,32,58,18,0.7,72
2020/12/31,49,10,27,49,16,0.6,82
2021/1/1,52,10,34,53,22,0.7,87
2021/1/2,65,11,47,76,35,0.7,94
2021/1/3,74,13,54,83,33,0.8,112
2021/1/4,87,18,64,98,34,0.9,102
2021/1/5,103,18,77,107,26,0.9,107
2021/1/6,144,12,110,150,26,1.1,61
2021/1/7,84,8,62,78,26,1,32
2021/1/8,47,7,25,47,22,0.6,49
2021/1/9,50,10,24,50,23,0.6,57
2021/1/10,56,14,36,61,25,0.6,51
2021/1/11,59,11,36,68,28,0.6,62
2021/1/12,66,11,44,82,40,0.7,89
2021/1/13,83,11,61,114,52,0.9,69
2021/1/14,83,11,61,106,51,0.9,99
2021/1/15,80,11,59,104,53,0.9,107
2021/1/16,105,14,79,133,46,0.9,97
2021/1/17,103,12,58,155,27,0.8,58
2021/1/18,76,12,52,101,37,0.8,103
2021/1/19,81,11,56,112,40,0.9,124
2021/1/20,75,11,55,98,45,0.9,125
2021/1/21,73,9,53,83,39,0.9,67
2021/1/22,99,12,74,108,25,1,108
2021/1/23,88,10,65,89,24,0.9,111
2021/1/24,77,9,56,85,29,0.8,110
2021/1/25,60,7,43,69,22,0.7,79
2021/1/26,28,6,16,28,16,1,54
2021/1/27,89,9,66,86,20,1.1,78
2021/1/28,73,8,53,69,20,1.1,74
2021/1/29,69,10,50,75,28,1,101
2021/1/30,74,10,54,96,38,1,122
2021/1/31,69,9,50,87,36,1,112
2021/2/1,63,9,43,75,25,0.8,111
2021/2/2,80,9,59,83,17,1,116
2021/2/3,83,9,61,88,23,1.1,105
2021/2/4,77,7,56,80,23,0.9,122
2021/2/5,84,7,41,67,22,0.8,140
2021/2/6,62,7,42,60,15,1,114
2021/2/7,67,7,44,71,21,0.8,120
2021/2/8,64,6,46,63,14,0.9,83
2021/2/9,23,6,12,16,9,0.9,37
2021/2/10,21,6,5,8,8,0.8,42
2021/2/11,30,7,11,14,8,0.8,60
2021/2/12,75,11,55,64,8,0.6,69
2021/2/13,58,7,41,50,9,0.7,76
2021/2/14,57,7,40,51,11,0.7,87
2021/2/15,58,7,41,53,11,0.7,92
2021/2/16,54,7,38,47,10,0.7,58
2021/2/17,40,6,15,20,7,0.7,79
2021/2/18,48,7,24,36,10,0.6,96
2021/2/19,52,7,30,47,12,0.6,102
2021/2/20,56,7,35,53,16,0.7,107
2021/2/21,80,8,49,67,17,0.8,136
2021/2/22,83,8,54,70,18,0.8,139
2021/2/23,84,8,56,77,19,0.8,140
2021/2/24,77,7,46,64,13,0.7,132
2021/2/25,52,6,36,43,14,0.6,99
2021/2/26,17,6,8,9,10,0.6,33
2021/2/27,25,6,17,18,10,0.8,36
2021/2/28,33,5,23,27,16,0.9,22
2021/3/1,33,6,23,30,17,0.9,31
2021/3/2,45,6,14,19,11,0.9,89
2021/3/3,43,7,30,39,14,0.8,53
2021/3/4,24,6,13,24,16,0.9,26
2021/3/5,36,8,25,35,24,0.9,17
2021/3/6,25,7,17,22,14,0.9,49
2021/3/7,29,7,17,26,11,0.7,57
2021/3/8,36,7,25,36,16,0.8,26
2021/3/9,23,6,12,19,16,0.9,12
2021/3/10,23,6,12,20,18,0.9,13
2021/3/11,23,7,11,22,17,0.9,10
2021/3/12,28,5,15,21,13,0.9,55
2021/3/13,58,7,39,65,22,0.9,60
2021/3/14,73,8,53,79,22,0.9,106
2021/3/15,84,9,62,89,27,0.8,81
2021/3/16,72,11,52,82,26,0.7,105
2021/3/17,69,11,50,78,20,0.6,111
2021/3/18,73,11,53,87,26,0.6,65
2021/3/19,70,12,51,84,29,0.7,37
2021/3/20,35,8,22,35,14,0.6,37
2021/3/21,30,6,15,30,16,0.7,48
2021/3/22,92,7,42,133,21,0.7,62
2021/3/23,82,8,46,114,24,0.7,72
2021/3/24,84,10,47,117,26,0.8,105
2021/3/25,91,14,64,132,39,0.8,48
2021/3/26,80,12,59,108,30,0.8,106
2021/3/27,73,8,53,79,22,0.9,106
2021/3/28,84,9,62,89,27,0.8,81
2021/3/29,72,11,52,82,26,0.7,105
2021/3/30,84,9,62,79,23,0.8,37
2021/3/31,56,8,34,61,16,0.6,74
2021/4/1,47,10,23,47,17,0.5,71
2021/4/2,58,10,38,66,21,0.8,45
2021/4/3,46,8,28,46,13,0.7,32
2021/4/4,42,9,29,41,12,0.7,58
2021/4/5,49,7,34,45,13,0.8,56
2021/4/6,53,8,37,50,15,0.8,92
2021/4/7,70,10,51,81,25,0.9,78
2021/4/8,38,6,11,18,12,0.7,75
2021/4/9,33,6,21,26,14,0.7,65
2021/4/10,30,6,20,30,18,0.7,34
2021/4/11,70,8,29,49,22,0.7,123
2021/4/12,63,9,45,69,23,0.8,113
2021/4/13,44,8,30,44,17,0.9,77
2021/4/14,31,7,20,31,14,0.7,47
2021/4/15,20,6,12,19,16,0.7,35
2021/4/16,29,6,9,15,14,0.8,58
2021/4/17,32,7,21,30,16,0.8,63
2021/4/18,38,6,26,30,19,0.7,57
2021/4/19,45,6,17,24,20,0.6,90
2021/4/20,46,6,28,41,19,0.6,92
2021/4/21,58,8,38,66,21,0.6,102
2021/4/22,54,9,30,58,22,0.7,83
2021/4/23,55,7,25,52,20,0.6,106
2021/4/24,56,9,33,61,22,0.6,80
2021/4/25,29,7,15,29,16,0.7,45
2021/4/26,20,6,11,17,16,0.8,37
2021/4/27,19,6,7,15,15,0.7,36
2021/4/28,26,6,11,17,15,0.7,52
2021/4/29,55,7,19,38,18,0.7,105
2021/4/30,68,8,23,54,22,0.6,121
2021/5/1,69,9,24,49,18,0.6,122
2021/5/2,55,9,33,53,15,0.7,106
2021/5/3,36,7,11,19,13,0.5,72
2021/5/4,56,7,13,21,13,0.5,107
2021/5/5,49,7,28,45,12,0.6,98
2021/5/6,58,9,38,66,20,0.7,81
2021/5/7,43,8,21,43,19,0.5,66
2021/5/8,45,7,16,37,17,0.5,89
2021/5/9,44,8,19,39,16,0.5,88
2021/5/10,48,9,22,46,17,0.5,95
2021/5/11,37,8,16,37,16,0.5,70
2021/5/12,37,6,14,29,16,0.5,74
2021/5/13,24,8,9,23,15,0.5,48
2021/5/14,30,10,11,27,16,0.5,60
2021/5/15,34,9,15,34,17,0.5,63
2021/5/16,37,8,15,37,16,0.4,70
2021/5/17,27,7,10,22,12,0.5,53
2021/5/18,28,8,12,18,11,0.6,55
2021/5/19,34,10,15,34,18,0.7,46
2021/5/20,18,7,6,9,13,0.5,35
2021/5/21,30,10,12,30,18,0.7,52
2021/5/22,38,11,16,38,20,0.6,74
2021/5/23,44,8,11,28,15,0.5,87
2021/5/24,34,7,5,10,11,0.5,68
2021/5/25,45,8,12,27,15,0.6,89
2021/5/26,33,9,10,25,15,0.4,65
2021/5/27,34,8,9,27,16,0.4,68
2021/5/28,34,8,9,25,16,0.5,68
2021/5/29,34,8,10,24,14,0.5,68
2021/5/30,33,9,15,33,16,0.5,34
2021/5/31,30,9,9,24,16,0.6,60
2021/6/1,29,8,8,21,15,0.4,58
2021/6/2,22,9,9,21,15,0.4,44
2021/6/3,36,8,12,24,12,0.4,72
2021/6/4,42,6,12,23,14,0.4,84
2021/6/5,76,9,14,34,18,0.5,131
2021/6/6,87,10,17,47,23,0.6,144
2021/6/7,106,10,26,53,21,0.7,166
2021/6/8,120,11,35,57,20,0.7,181
2021/6/9,90,11,27,47,18,0.6,148
2021/6/10,73,8,53,79,22,0.9,106
2021/6/11,84,9,62,89,27,0.8,81
2021/6/12,72,11,52,82,26,0.7,105
2021/6/13,35,10,9,17,15,0.4,70
2021/6/14,33,11,9,20,12,0.4,65
2021/6/15,34,9,13,29,17,0.5,67
2021/6/16,32,9,16,32,18,0.5,64
2021/6/17,38,9,14,29,15,0.4,76
2021/6/18,40,9,18,35,16,0.5,80
2021/6/19,46,11,21,43,17,0.5,91
2021/6/20,55,10,22,46,17,0.5,106
2021/6/21,45,9,19,36,16,0.5,89
2021/6/22,34,10,14,23,13,0.5,68
2021/6/23,45,12,21,37,16,0.5,89
2021/6/24,57,10,21,37,16,0.6,108
2021/6/25,43,9,12,23,12,0.4,85
2021/6/26,40,10,11,25,12,0.4,79
2021/6/27,38,10,15,34,14,0.5,75
2021/6/28,29,10,14,29,16,0.5,56
2021/6/29,33,10,10,22,11,0.4,65
2021/6/30,26,11,13,26,17,0.5,50
2021/7/1,33,9,16,33,15,0.6,64
2021/7/2,35,9,18,35,16,0.6,59
2021/7/3,37,9,18,35,15,0.6,73
2021/7/4,42,8,16,31,14,0.6,83
2021/7/5,41,10,20,36,15,0.5,82
2021/7/6,63,12,21,38,15,0.5,115
2021/7/7,35,11,20,35,14,0.5,67
2021/7/8,36,11,12,26,13,0.5,71
2021/7/9,35,10,12,27,14,0.5,69
2021/7/10,60,11,23,40,14,0.5,111
2021/7/11,38,11,24,38,14,0.5,73
2021/7/12,40,12,22,36,14,0.6,80
2021/7/13,39,12,22,39,15,0.6,72
2021/7/14,37,12,22,37,15,0.6,73
2021/7/15,44,13,27,42,16,0.6,88
2021/7/16,55,13,30,51,18,0.6,105
2021/7/17,73,8,53,79,22,0.9,106
2021/7/18,84,9,62,89,27,0.8,81
2021/7/19,72,11,52,82,26,0.7,105
2021/7/20,31,9,13,24,13,0.5,62
2021/7/21,30,8,11,22,13,0.5,60
2021/7/22,35,7,10,24,13,0.5,70
2021/7/23,52,9,19,42,20,0.6,102
2021/7/24,54,8,27,52,20,0.6,104
2021/7/25,60,9,25,56,18,0.7,111
2021/7/26,65,8,25,56,18,0.6,118
2021/7/27,70,9,30,60,18,0.6,124
2021/7/28,68,8,30,53,15,0.6,121
2021/7/29,56,7,18,29,14,0.5,107
2021/7/30,54,8,20,37,13,0.6,104
2021/7/31,57,7,15,26,11,0.6,108
2021/8/1,58,8,17,33,13,0.7,109
2021/8/2,55,9,25,43,14,0.7,105
2021/8/3,73,8,53,79,22,0.9,106
2021/8/4,84,9,62,89,27,0.8,81
2021/8/5,72,11,52,82,26,0.7,105
2021/8/6,40,8,11,24,14,0.6,80
2021/8/7,50,8,17,38,15,0.6,100
2021/8/8,47,8,16,34,14,0.6,94
2021/8/9,31,7,13,26,16,0.6,61
2021/8/10,30,8,15,30,15,0.6,49
2021/8/11,35,9,12,26,10,0.6,70
2021/8/12,36,8,12,27,12,0.6,71
2021/8/13,34,8,14,28,12,0.5,67
2021/8/14,31,9,11,22,11,0.5,61
2021/8/15,29,7,10,24,12,0.5,58
2021/8/16,32,9,10,23,13,0.5,64
2021/8/17,33,10,15,33,16,0.6,58
2021/8/18,33,11,15,33,16,0.5,57
2021/8/19,36,10,13,26,13,0.5,72
2021/8/20,40,11,19,40,17,0.6,79
2021/8/21,41,14,24,41,15,0.6,74
2021/8/22,40,13,21,40,16,0.6,74
2021/8/23,43,11,20,38,16,0.6,85
2021/8/24,36,11,19,36,17,0.6,67
2021/8/25,36,12,17,28,14,0.5,72
2021/8/26,33,9,13,28,15,0.5,66
2021/8/27,39,10,12,26,13,0.4,77
2021/8/28,52,12,14,27,16,0.5,102
2021/8/29,45,12,19,39,19,0.5,89
2021/8/30,35,12,16,29,16,0.5,70
2021/8/31,55,13,14,35,17,0.5,106
2021/9/1,33,13,13,29,15,0.5,66
2021/9/2,31,13,11,22,13,0.5,61
2021/9/3,41,15,13,27,14,0.5,81
2021/9/4,39,13,16,30,17,0.5,78
2021/9/5,48,14,16,34,16,0.5,95
2021/9/6,68,11,14,32,14,0.6,121
2021/9/7,46,8,16,29,15,0.6,92
2021/9/8,49,6,22,36,15,0.8,98
2021/9/9,49,8,17,36,16,0.7,97
2021/9/10,59,10,20,41,16,0.7,110
2021/9/11,73,8,53,79,22,0.9,106
2021/9/12,84,9,62,89,27,0.8,81
2021/9/13,72,11,52,82,26,0.7,105
2021/9/14,76,8,29,50,15,0.8,131
2021/9/15,50,10,19,34,12,0.6,100
2021/9/16,37,7,7,20,11,0.5,74
2021/9/17,35,10,11,25,12,0.6,69
2021/9/18,62,9,16,34,14,0.6,114
2021/9/19,44,9,19,33,12,0.7,88
2021/9/20,34,10,15,32,13,0.6,67
2021/9/21,40,8,12,22,8,0.5,80
2021/9/22,44,14,14,29,11,0.6,87
2021/9/23,50,14,13,27,11,0.6,99
2021/9/24,40,12,11,27,12,0.5,79
2021/9/25,52,11,17,35,16,0.6,102
2021/9/26,69,13,23,43,16,0.6,122
2021/9/27,66,17,25,45,15,0.6,119
2021/9/28,70,16,30,48,16,0.7,124
2021/9/29,65,12,29,49,16,0.7,117
2021/9/30,59,9,30,44,11,0.7,110
2021/10/1,64,8,27,42,11,0.7,116
2021/10/2,61,8,24,42,12,0.7,113
2021/10/3,52,10,27,41,10,0.6,102
2021/10/4,60,10,18,34,12,0.6,111
2021/10/5,68,13,23,43,14,0.7,121
2021/10/6,73,8,53,79,22,0.9,106
2021/10/7,84,9,62,89,27,0.8,81
2021/10/8,72,11,52,82,26,0.7,105
2021/10/9,26,5,18,24,11,0.9,48
2021/10/10,23,5,10,19,11,0.9,45
2021/10/11,31,7,7,18,8,0.7,61
2021/10/12,30,6,12,23,10,0.5,59
2021/10/13,42,6,17,28,14,0.5,84
2021/10/14,39,7,18,28,10,0.6,78
2021/10/15,37,7,11,18,11,0.7,73
2021/10/16,28,6,5,16,11,0.5,55
2021/10/17,27,7,6,14,10,0.6,53
2021/10/18,39,8,22,37,11,0.6,78
2021/10/19,52,10,34,53,19,0.7,90
2021/10/20,53,10,36,55,17,0.7,50
2021/10/21,25,7,4,9,9,0.6,49
2021/10/22,30,7,15,26,11,0.5,59
2021/10/23,40,8,24,34,13,0.5,80
2021/10/24,59,9,31,47,16,0.6,110
2021/10/25,68,8,37,54,20,0.6,121
2021/10/26,61,9,37,55,21,0.6,113
2021/10/27,59,10,42,57,14,0.6,103
2021/10/28,73,8,53,79,22,0.9,106
2021/10/29,84,9,62,89,27,0.8,81
2021/10/30,72,11,52,82,26,0.7,105
2021/10/31,28,7,19,24,16,0.9,44
2021/11/1,30,5,6,9,12,0.9,59
2021/11/2,26,5,6,8,11,0.9,51
2021/11/3,28,7,19,28,14,0.9,42
2021/11/4,51,9,31,52,25,1.1,63
2021/11/5,52,10,30,53,24,0.8,56
2021/11/6,52,9,29,53,25,0.8,49
2021/11/7,24,6,13,24,12,0.7,41
2021/11/8,36,6,12,29,10,0.4,72
2021/11/9,39,8,16,32,11,0.5,78
2021/11/10,44,8,20,33,18,0.6,88
2021/11/11,45,8,22,43,28,0.6,90
2021/11/12,47,11,29,47,20,0.6,85
2021/11/13,55,10,36,60,25,0.7,106
2021/11/14,55,9,35,60,33,0.7,103
2021/11/15,51,8,35,51,24,0.7,87
2021/11/16,41,7,28,41,20,0.6,48
2021/11/17,24,6,12,17,15,0.7,47
2021/11/18,36,6,24,32,18,0.7,71
2021/11/19,47,8,27,47,30,0.9,43
2021/11/20,55,10,39,60,33,0.9,23
2021/11/21,23,6,10,16,17,0.9,43
2021/11/22,30,5,10,24,15,0.6,60
2021/11/23,50,7,17,50,15,0.5,78
2021/11/24,52,8,20,54,18,0.6,74
2021/11/25,55,8,31,59,27,0.7,69
2021/11/26,53,8,32,56,26,0.7,97
2021/11/27,58,8,36,64,29,0.7,109
2021/11/28,73,8,53,79,22,0.9,106
2021/11/29,84,9,62,89,27,0.8,81
2021/11/30,72,11,52,82,26,0.7,105
2021/12/1,48,7,17,42,23,0.5,95
2021/12/2,53,7,31,56,29,0.6,103
2021/12/3,59,8,38,68,36,0.7,101
2021/12/4,57,8,35,63,37,0.6,103
2021/12/5,62,9,44,70,39,0.7,114
2021/12/6,65,8,47,76,42,0.8,112
2021/12/7,61,8,41,71,43,0.7,109
2021/12/8,75,11,44,71,30,0.7,129
2021/12/9,108,13,81,107,30,1,132
2021/12/10,114,9,86,121,48,1.1,132
2021/12/11,97,8,72,103,43,1,132
2021/12/12,105,8,79,95,23,1,96
2021/12/13,67,6,48,61,22,0.8,82
2021/12/14,69,8,50,78,35,1.1,93
2021/12/15,83,8,61,104,47,1.2,93
2021/12/16,80,8,59,90,31,1,110
2021/12/17,52,7,32,53,19,0.8,88
2021/12/18,62,10,41,73,23,0.8,107
2021/12/19,68,10,47,86,33,0.9,109
2021/12/20,82,11,60,85,29,0.9,65
2021/12/21,37,6,20,29,17,0.7,73
2021/12/22,53,9,36,56,27,0.8,63
2021/12/23,62,8,39,74,34,0.8,66
2021/12/24,59,10,42,64,26,0.8,63
2021/12/25,53,8,37,53,21,1,49
2021/12/26,24,7,11,19,19,0.7,22
2021/12/27,30,6,21,28,15,0.7,31
2021/12/28,36,6,25,32,18,0.7,27
2021/12/29,22,6,13,20,17,0.8,26
2021/12/30,30,7,19,30,16,0.7,55
2021/12/31,58,9,41,55,18,0.9,60
2022/1/1,67,8,48,54,17,1,45
2022/1/2,59,8,42,52,23,1,73
2022/1/3,83,10,61,90,40,1.1,69
2022/1/4,94,10,70,106,43,1.1,93
2022/1/5,80,10,59,84,34,1,90
2022/1/6,65,7,47,58,18,1.2,45
2022/1/7,28,7,15,26,19,1.1,24
2022/1/8,25,6,17,23,20,0.9,14
2022/1/9,25,6,10,14,20,0.9,10
2022/1/10,25,6,17,22,19,1,19
2022/1/11,35,6,23,32,20,0.9,70
2022/1/12,73,8,53,79,22,0.9,106
2022/1/13,84,9,62,89,27,0.8,81
2022/1/14,72,11,52,82,26,0.7,105
2022/1/15,63,6,45,52,22,1.1,25
2022/1/16,28,6,14,17,17,1.1,28
2022/1/17,28,6,9,11,18,1.1,33
2022/1/18,28,6,15,25,19,1.1,46
2022/1/19,43,6,25,43,26,1,57
2022/1/20,51,8,32,51,25,0.9,57
2022/1/21,55,7,36,59,29,1,43
2022/1/22,57,7,40,53,28,0.9,56
2022/1/23,33,6,23,32,23,0.9,38
2022/1/24,24,6,11,13,19,0.9,20
2022/1/25,28,6,16,23,17,1.1,22
2022/1/26,43,7,30,42,20,1.2,22
2022/1/27,33,7,20,26,16,1.3,20
2022/1/28,30,6,14,19,12,1.2,26
2022/1/29,25,6,8,10,10,1,36
2022/1/30,32,6,20,21,9,0.8,63
2022/1/31,28,6,19,21,8,0.8,52
2022/2/1,39,7,27,29,8,0.9,40
2022/2/2,26,7,18,20,7,0.9,43
2022/2/3,31,7,12,15,7,0.7,62
2022/2/4,46,7,32,36,8,0.6,70
2022/2/5,40,7,28,33,8,0.6,60
2022/2/6,30,6,21,24,9,0.7,39
2022/2/7,20,6,9,10,9,0.8,39
2022/2/8,28,6,10,12,8,0.7,56
2022/2/9,24,7,9,12,8,0.7,48
2022/2/10,20,7,13,16,9,0.8,40
2022/2/11,20,7,9,12,9,0.8,27
2022/2/12,22,7,15,21,11,0.8,36
2022/2/13,25,6,13,13,11,0.7,49
2022/2/14,37,7,20,26,14,0.8,74
2022/2/15,35,7,24,30,12,0.8,45
2022/2/16,26,7,18,24,14,0.9,31
2022/2/17,25,7,8,12,15,1,23
2022/2/18,20,7,6,8,14,0.8,32
2022/2/19,23,7,7,9,12,0.6,46
2022/2/20,24,8,9,10,13,0.6,48
2022/2/21,33,8,8,13,10,0.6,65
2022/2/22,27,9,9,14,11,0.6,54
2022/2/23,34,8,10,19,12,0.6,68
2022/2/24,43,8,23,31,12,0.6,86
2022/2/25,52,9,36,54,21,0.7,89
2022/2/26,67,10,48,73,28,0.8,93
2022/2/27,84,9,62,93,32,0.9,106
2022/2/28,85,12,63,89,27,0.8,121
2022/3/1,80,10,59,85,28,0.9,70
2022/3/2,74,10,54,81,24,0.8,104
2022/3/3,99,10,74,110,33,0.9,105
2022/3/4,62,10,44,70,26,0.7,87
2022/3/5,89,12,66,100,23,0.9,107
2022/3/6,89,10,66,98,28,0.9,52
2022/3/7,73,8,53,79,22,0.9,106
2022/3/8,84,9,62,89,27,0.8,81
2022/3/9,72,11,52,82,26,0.7,105
2022/3/10,82,12,39,73,31,0.6,138
2022/3/11,70,12,49,83,30,0.7,123
2022/3/12,69,12,45,79,32,0.6,122
2022/3/13,55,13,32,60,26,0.5,78
2022/3/14,68,13,49,83,30,0.7,70
2022/3/15,77,10,56,88,29,0.8,112
2022/3/16,62,11,44,66,27,0.6,68
2022/3/17,40,8,22,40,21,0.6,48
2022/3/18,43,8,19,30,19,0.9,85
2022/3/19,57,11,38,60,26,0.8,108
2022/3/20,52,8,34,54,19,0.5,71
2022/3/21,44,8,26,44,20,0.6,50
2022/3/22,19,9,12,18,15,0.7,26
2022/3/23,23,8,9,13,15,0.6,45
2022/3/24,28,11,13,19,22,0.6,29
2022/3/25,33,10,14,28,26,0.7,42
2022/3/26,29,8,17,26,16,0.7,57
2022/3/27,27,8,15,23,14,0.6,53
2022/3/30,34,13,20,34,23,0.7,46
2022/3/31,32,9,17,31,17,0.8,64
2022/4/1,36,8,10,15,14,0.6,72
2022/4/2,73,8,53,79,22,0.9,106
2022/4/3,84,9,62,89,27,0.8,81
2022/4/4,72,11,52,82,26,0.7,105
2022/4/5,96,13,61,94,23,0.7,155
2022/4/6,100,14,75,109,22,0.8,151
2022/4/7,88,10,45,79,28,0.7,145
2022/4/8,88,10,39,82,34,0.7,145
2022/4/9,101,11,46,84,27,0.7,161
2022/4/10,110,13,50,86,25,0.7,170
2022/4/11,101,12,45,81,23,0.7,161
2022/4/12,61,13,39,71,23,0.7,101
2022/4/13,45,8,24,42,18,0.6,90
2022/4/14,65,6,16,35,15,0.7,117
2022/4/15,40,8,24,40,16,0.7,58
2022/4/16,25,5,7,9,13,0.6,50
2022/4/17,26,5,10,15,13,0.6,52
2022/4/18,23,6,10,17,15,0.8,45
2022/4/19,45,7,24,40,19,0.8,90
2022/4/20,55,8,32,60,24,0.8,94
2022/4/21,57,9,32,64,24,0.8,82
2022/4/22,48,8,30,48,24,0.9,43
2022/4/23,32,7,15,28,19,0.8,64
2022/4/24,33,8,19,33,19,0.8,54
2022/4/25,34,8,21,34,19,0.7,40
2022/4/26,41,9,25,41,20,0.8,46
2022/4/27,52,9,31,54,20,0.8,62
2022/4/28,51,9,27,51,21,0.8,54
2022/4/29,34,7,18,34,14,0.8,62
2022/4/30,24,6,15,23,11,0.8,48
2022/5/1,33,6,11,15,11,0.8,66
2022/5/2,52,7,27,44,15,0.7,102
2022/5/3,74,8,26,51,20,0.8,128
2022/5/4,81,10,32,62,26,0.8,137
2022/5/5,80,9,42,73,27,0.9,136
2022/5/6,103,11,60,96,27,1,163
2022/5/7,73,8,53,79,22,0.9,106
2022/5/8,84,9,62,89,27,0.8,81
2022/5/9,72,11,52,82,26,0.7,105
2022/5/10,29,8,20,27,18,0.9,44
2022/5/11,33,7,9,15,10,1,66
2022/5/12,26,6,7,12,11,0.9,52
2022/5/13,30,6,7,14,12,0.8,60
2022/5/14,32,7,15,25,11,0.7,63
2022/5/15,35,7,6,12,10,0.7,69
2022/5/16,46,7,14,22,12,0.7,91
2022/5/17,66,9,26,47,19,0.7,119
2022/5/18,73,8,53,79,22,0.9,106
2022/5/19,84,9,62,89,27,0.8,81
2022/5/20,72,11,52,82,26,0.7,105
2022/5/21,39,8,23,38,12,0.8,78
2022/5/22,29,6,19,25,12,0.7,58
2022/5/23,20,6,6,9,13,0.8,39
2022/5/24,34,8,12,20,12,0.9,67
2022/5/25,54,7,17,34,15,0.9,104
2022/5/26,31,7,16,26,14,0.8,61
2022/5/27,30,8,10,18,12,0.8,60
2022/5/28,37,9,14,24,14,0.8,73
2022/5/29,35,8,15,30,15,0.6,70
2022/5/30,35,8,17,33,13,0.6,70
2022/5/31,32,8,10,22,15,0.6,64
2022/6/1,40,9,19,33,15,0.7,80
2022/6/2,32,8,16,28,14,0.6,64
2022/6/3,33,9,12,21,10,0.5,66
2022/6/4,33,8,16,26,13,0.6,65
2022/6/5,36,8,19,36,18,0.7,65
2022/6/6,38,7,10,17,11,0.6,75
2022/6/7,43,7,12,17,10,0.7,86
2022/6/8,29,7,7,12,11,0.6,58
2022/6/9,44,7,11,20,10,0.5,88
2022/6/10,32,7,10,16,12,0.6,63
2022/6/11,28,8,9,14,12,0.6,56
2022/6/12,26,8,10,18,14,0.7,52
2022/6/13,26,8,14,20,15,0.7,52
2022/6/14,40,7,9,15,11,0.7,80
2022/6/15,41,7,8,15,13,0.7,82
2022/6/16,23,7,11,18,17,0.7,45
2022/6/17,20,7,11,17,16,0.7,38
2022/6/18,24,9,16,24,14,0.7,39
2022/6/19,29,8,14,22,11,0.6,57
2022/6/20,34,7,12,16,13,0.7,67
2022/6/21,20,8,13,18,16,0.7,39
2022/6/22,30,7,15,30,17,0.7,52
2022/6/23,30,8,13,27,14,0.7,59
2022/6/24,35,10,15,29,15,0.7,70
2022/6/25,39,10,19,34,17,0.7,78
2022/6/26,39,9,17,29,16,0.7,78
2022/6/27,36,8,11,22,14,0.7,72
2022/6/28,39,9,16,33,16,0.8,78
2022/6/29,43,8,17,33,14,0.8,85
2022/6/30,43,8,15,29,15,0.7,85
2022/7/1,31,9,10,24,13,0.6,62
2022/7/2,21,8,9,18,12,0.7,42
2022/7/3,23,8,6,8,10,0.7,46
2022/7/4,20,8,8,12,15,0.8,40
2022/7/5,29,9,10,19,14,0.8,58
2022/7/6,31,9,12,22,15,0.7,61
2022/7/7,29,8,7,12,12,0.6,57
2022/7/8,35,8,10,19,13,0.6,69
2022/7/9,49,8,14,29,14,0.6,98
2022/7/10,41,7,15,29,16,0.6,82
2022/7/11,35,8,18,30,14,0.6,69
2022/7/12,36,7,19,32,14,0.6,71
2022/7/13,54,8,22,35,15,0.6,104
2022/7/14,73,8,53,79,22,0.9,106
2022/7/15,84,9,62,89,27,0.8,81
2022/7/16,72,11,52,82,26,0.7,105
2022/7/17,43,8,26,43,17,0.7,61
2022/7/18,35,7,17,32,15,0.7,70
2022/7/19,34,6,15,30,14,0.7,68
2022/7/20,30,7,12,22,12,0.6,59
2022/7/21,38,9,12,23,13,0.6,75
2022/7/22,44,9,18,28,16,0.6,88
2022/7/23,49,10,27,44,19,0.7,97
2022/7/24,50,10,29,43,17,0.7,99
2022/7/25,49,9,26,47,18,0.7,97
2022/7/26,55,10,28,47,16,0.7,105
2022/7/27,53,10,31,50,19,0.7,103
2022/7/28,51,9,32,51,20,0.8,100
2022/7/29,53,9,29,54,20,0.7,103
2022/7/30,61,9,29,65,18,0.7,113
2022/7/31,60,10,27,48,20,0.7,111
2022/8/1,85,9,34,57,19,0.8,142
2022/8/2,64,10,31,48,17,0.8,116
2022/8/3,52,8,20,35,18,0.8,102
2022/8/4,45,8,15,28,15,0.8,90
2022/8/5,30,6,8,16,17,0.6,60
2022/8/6,42,7,11,20,16,0.6,84
2022/8/7,33,8,13,25,15,0.6,66
2022/8/8,36,9,11,23,14,0.6,72
2022/8/9,39,8,11,25,16,0.6,78
2022/8/10,23,7,8,18,14,0.6,45
2022/8/11,29,6,7,14,13,0.5,57
2022/8/12,34,8,9,20,15,0.6,67
2022/8/13,38,7,12,25,17,0.5,75
2022/8/14,40,8,18,34,20,0.6,79
2022/8/15,42,9,19,34,16,0.7,84
2022/8/16,69,9,21,39,17,0.7,122
2022/8/17,54,9,19,34,15,0.7,104
2022/8/18,35,6,10,18,11,0.6,70
2022/8/19,42,8,12,22,17,0.7,83
2022/8/20,28,6,9,17,17,0.6,56
2022/8/21,36,6,8,18,16,0.7,71
2022/8/22,34,7,12,25,15,0.7,67
2022/8/23,45,7,15,32,16,0.8,90
2022/8/24,48,6,19,38,17,0.8,95
2022/8/25,26,6,12,25,16,0.7,52
2022/8/26,35,6,10,20,13,0.6,70
2022/8/27,31,9,14,30,15,0.6,61
2022/8/28,34,9,14,28,16,0.6,68
2022/8/29,45,9,20,38,16,0.7,90
2022/8/30,45,9,26,42,16,0.7,90
2022/8/31,45,7,22,39,13,0.8,90
2022/9/1,47,8,21,40,12,0.7,93
2022/9/2,73,8,53,79,22,0.9,106
2022/9/3,84,9,62,89,27,0.8,81
2022/9/4,72,11,52,82,26,0.7,105
2022/9/5,100,9,35,60,21,0.8,160
2022/9/6,101,11,33,63,25,0.8,161
2022/9/7,80,12,34,68,23,0.8,136
2022/9/8,55,9,25,43,17,0.8,105
2022/9/9,50,8,11,16,12,0.8,100
2022/9/10,70,10,18,30,12,0.8,123
2022/9/11,85,11,30,47,16,0.9,141
2022/9/12,85,11,41,66,21,1,142
2022/9/13,96,9,42,71,22,1,155
2022/9/14,110,10,41,67,23,1,171
2022/9/15,94,10,38,63,29,0.9,152
2022/9/16,88,9,39,64,25,0.9,145
2022/9/17,73,8,53,79,22,0.9,106
2022/9/18,84,9,62,89,27,0.8,81
2022/9/19,72,11,52,82,26,0.7,105
2022/9/20,105,10,41,72,23,0.9,165
2022/9/21,106,11,45,79,20,0.9,166
2022/9/22,94,10,37,56,16,0.9,152
2022/9/23,89,11,36,59,18,0.8,146
2022/9/24,105,10,40,66,19,0.8,165
2022/9/25,126,11,46,78,22,0.9,188
2022/9/26,132,11,49,84,24,0.9,195
2022/9/27,127,10,49,81,25,1,189
2022/9/28,135,12,46,77,22,1,198
2022/9/29,97,12,46,68,21,0.8,156
2022/9/30,40,10,18,33,17,0.6,80
2022/10/1,40,9,12,21,15,0.6,80
2022/10/2,33,9,16,29,17,0.6,66
2022/10/3,32,12,16,32,18,0.6,64
2022/10/4,46,10,16,30,18,0.6,92
2022/10/5,73,8,53,79,22,0.9,106
2022/10/6,84,9,62,89,27,0.8,81
2022/10/7,72,11,52,82,26,0.7,105
2022/10/8,46,8,22,46,19,0.7,72
2022/10/9,45,9,20,45,17,0.7,59
2022/10/10,47,8,15,44,17,0.5,94
2022/10/11,70,10,19,45,20,0.5,124
2022/10/12,81,10,25,51,26,0.6,137
2022/10/13,96,10,25,53,27,0.6,155
2022/10/14,112,10,34,65,30,0.7,173
2022/10/15,118,9,36,71,30,0.8,179
2022/10/16,110,8,35,71,26,0.7,170
2022/10/17,98,8,35,71,18,0.7,157
2022/10/18,82,8,57,98,20,0.9,138
2022/10/19,98,13,73,109,29,1,134
2022/10/20,97,14,58,91,34,0.9,156
2022/10/21,118,14,55,94,39,1,179
2022/10/22,125,12,48,81,33,0.9,187
2022/10/23,123,10,48,80,25,0.9,185
2022/10/24,133,11,51,83,25,0.9,196
2022/10/25,123,13,46,78,28,0.9,185
2022/10/26,138,15,50,86,28,0.9,201
2022/10/27,108,14,51,84,24,0.9,168
2022/10/28,50,9,24,47,15,0.7,99
2022/10/29,54,9,26,43,16,0.7,104
2022/10/30,40,6,18,38,16,0.8,80
2022/10/31,62,8,31,60,18,0.7,114
2022/11/1,69,9,29,66,19,0.7,122
2022/11/2,79,10,28,52,17,0.7,134
2022/11/3,55,10,28,47,18,0.7,105
2022/11/4,47,7,22,37,15,0.7,94
2022/11/5,53,6,37,46,18,0.9,73
2022/11/6,41,8,27,40,22,0.9,81
2022/11/7,41,9,20,39,24,0.9,82
2022/11/8,45,10,21,42,25,0.9,89
2022/11/9,40,12,18,34,21,0.8,80
2022/11/10,40,12,18,35,24,0.7,80
2022/11/11,42,11,19,37,25,0.6,84
2022/11/12,64,11,28,48,27,0.6,116
2022/11/13,60,10,32,58,21,0.7,111
2022/11/14,61,10,39,72,18,0.6,59
2022/11/15,48,9,33,47,17,0.7,32
2022/11/16,27,7,14,27,21,0.7,21
2022/11/17,25,7,12,22,20,0.9,13
2022/11/18,44,10,24,44,23,1,66
2022/11/19,25,7,14,25,15,0.9,46
2022/11/20,40,8,27,40,20,0.9,46
2022/11/21,51,8,32,51,25,0.9,98
2022/11/22,33,8,22,33,18,0.8,63
2022/11/23,20,6,8,13,13,0.8,39
2022/11/24,25,6,13,19,16,1,29
2022/11/25,25,7,14,20,19,1,31
2022/11/26,26,8,15,26,19,1,37
2022/11/27,24,8,11,21,19,0.8,35
2022/11/28,34,9,18,34,21,0.7,25
2022/11/29,28,8,14,28,16,0.8,31
2022/11/30,15,6,6,11,11,0.6,28
2022/12/1,15,6,7,12,11,0.6,26
2022/12/2,18,7,12,17,11,0.6,32
2022/12/3,23,6,15,23,13,0.7,22
2022/12/4,18,7,8,15,14,0.7,23
2022/12/5,28,7,19,28,14,0.8,41
2022/12/6,33,7,21,33,15,0.8,45
2022/12/7,43,8,30,42,15,0.9,44
2022/12/8,46,9,31,46,17,0.9,32
2022/12/9,49,8,34,49,19,0.9,59
2022/12/10,60,8,41,69,29,0.8,90
2022/12/11,75,9,55,82,22,0.8,102
2022/12/12,110,8,83,115,25,0.9,103
2022/12/13,78,9,57,91,27,0.8,117
2022/12/14,73,8,53,79,22,0.9,106
2022/12/15,84,9,62,89,27,0.8,81
2022/12/16,72,11,52,82,26,0.7,105
2022/12/17,73,7,46,95,20,0.7,80
2022/12/18,53,7,24,56,19,0.6,91
2022/12/19,59,9,36,67,36,0.8,82
2022/12/20,75,9,55,88,37,0.9,55
2022/12/21,57,10,40,60,24,0.8,107
2022/12/22,62,9,42,74,36,0.9,90
2022/12/23,70,12,51,84,35,0.9,114
2022/12/24,75,12,55,92,37,0.9,118
2022/12/25,60,9,42,70,34,0.8,84
2022/12/26,63,13,45,71,26,0.8,102
2022/12/27,103,15,77,113,24,1,68
2022/12/28,103,10,77,103,22,1,75
2022/12/29,43,6,30,40,17,0.9,52
2022/12/30,53,6,37,47,16,0.8,57
2022/12/31,50,8,35,50,17,0.7,62
2023/1/1,51,7,35,52,17,0.8,71
2023/1/2,73,8,53,79,22,0.9,106
2023/1/3,84,9,62,89,27,0.8,81
2023/1/4,72,11,52,82,26,0.7,105
2023/1/5,94,9,70,87,22,1.1,75
2023/1/6,88,9,65,85,22,1,102
2023/1/7,88,8,65,86,36,1,101
2023/1/8,77,7,56,74,35,0.9,47
2023/1/9,50,6,35,45,26,1.1,40
2023/1/10,46,6,32,46,19,0.9,68
2023/1/11,73,6,53,64,21,1,51
2023/1/12,29,5,18,23,23,0.9,27
2023/1/13,28,5,12,19,22,0.8,42
2023/1/14,31,6,16,31,17,1,38
2023/1/15,23,6,10,18,12,0.7,45
2023/1/16,40,5,22,40,10,0.6,54
2023/1/17,50,7,33,50,12,0.7,50
2023/1/18,50,8,29,50,12,0.7,78
2023/1/19,73,8,53,79,22,0.9,106
2023/1/20,84,9,62,89,27,0.8,81
2023/1/21,72,11,52,82,26,0.7,105
2023/1/22,178,16,134,156,13,0.9,54
2023/1/23,64,6,46,51,9,0.9,42
2023/1/24,77,6,56,85,9,0.7,83
2023/1/25,67,7,41,83,10,0.7,91
2023/1/26,72,6,52,81,12,0.8,64
2023/1/27,59,7,40,67,10,0.8,74
2023/1/28,65,8,42,80,13,0.7,98
2023/1/29,64,8,45,78,18,0.8,107
2023/1/30,72,7,52,75,24,0.9,109
2023/1/31,65,7,47,65,24,0.9,112
2023/2/1,64,8,46,65,23,0.9,89
2023/2/2,69,6,50,63,15,1,60
2023/2/3,89,6,66,85,18,0.9,38
2023/2/4,46,4,32,41,16,0.8,21
2023/2/5,23,4,13,16,18,0.9,15
2023/2/6,25,5,12,19,17,1,12
2023/2/7,28,5,10,15,15,1.1,23
2023/2/8,30,5,15,20,17,1.2,18
2023/2/9,30,6,9,16,17,1.2,22
2023/2/10,25,6,11,16,16,1,33
2023/2/11,39,8,25,39,22,1.2,22
2023/2/12,37,7,25,37,20,1,31
2023/2/13,23,7,9,19,15,0.9,29
2023/2/14,25,6,15,22,14,1,48
2023/2/15,40,6,27,40,14,0.8,80
2023/2/16,49,11,34,46,21,0.9,85
2023/2/17,63,9,45,65,28,0.9,99
2023/2/18,57,12,40,60,31,0.8,104
2023/2/19,48,6,31,48,21,0.8,71
2023/2/20,67,9,48,71,19,0.9,116
2023/2/21,73,8,53,79,22,0.9,106
2023/2/22,84,9,62,89,27,0.8,81
2023/2/23,72,11,52,82,26,0.7,105
2023/2/24,74,8,54,76,19,0.8,63
2023/2/25,52,7,36,53,19,0.6,84
2023/2/26,64,8,41,59,23,0.7,116
2023/2/27,79,9,58,82,30,0.8,122
2023/2/28,109,11,57,84,37,0.8,169
2023/3/1,90,11,59,85,28,0.8,148
2023/3/2,84,9,62,83,23,0.8,125
2023/3/3,102,10,76,101,28,0.9,99
2023/3/4,73,6,53,69,21,0.8,126
2023/3/5,79,9,43,68,31,0.8,134
2023/3/6,110,12,50,79,32,0.8,170
2023/3/7,100,14,47,79,31,0.7,160
2023/3/8,73,8,53,79,22,0.9,106
2023/3/9,84,9,62,89,27,0.8,81
2023/3/10,72,11,52,82,26,0.7,105
2023/3/11,85,12,41,70,28,0.8,142
2023/3/12,88,8,37,126,25,0.7,88
2023/3/13,98,10,32,145,22,0.6,102
2023/3/14,88,12,43,125,35,0.8,96
2023/3/15,83,14,58,116,38,0.9,122
2023/3/16,94,11,70,104,36,1,127
2023/3/17,60,9,39,70,23,0.8,96
2023/3/18,43,6,23,43,17,0.6,46
2023/3/19,50,6,34,50,21,0.8,23
2023/3/20,63,12,39,76,34,1,23
2023/3/21,52,8,33,53,22,0.7,54
2023/3/22,73,8,53,79,22,0.9,106
2023/3/23,84,9,62,89,27,0.8,81
2023/3/24,72,11,52,82,26,0.7,105
2023/3/25,20,5,6,12,13,0.7,40
2023/3/26,37,6,24,37,13,0.7,49
2023/3/27,25,6,16,22,20,0.8,48
2023/3/28,32,6,22,31,16,0.7,59
2023/3/29,22,7,14,18,17,0.8,41
2023/3/30,26,7,17,26,17,0.9,46
2023/3/31,45,10,31,44,25,1,35
2023/4/1,45,11,30,45,26,1,24
2023/4/2,25,10,15,23,20,0.8,44
2023/4/3,29,6,18,23,16,0.7,57
2023/4/4,36,9,22,29,15,0.7,71
2023/4/5,27,8,15,21,11,0.7,53
2023/4/6,37,7,12,21,12,0.6,74
2023/4/7,50,8,19,37,15,0.6,100
2023/4/8,66,14,38,81,18,0.7,111
2023/4/9,68,14,40,86,23,0.7,87
2023/4/10,52,11,32,54,23,0.7,55
2023/4/11,39,15,24,39,26,0.8,45
2023/4/12,63,10,30,48,20,0.8,115
2023/4/13,64,8,36,56,17,0.7,116
2023/4/14,45,10,28,45,19,0.7,61
2023/4/15,57,10,31,64,16,0.7,108
2023/4/16,73,8,53,79,22,0.9,106
2023/4/17,84,9,62,89,27,0.8,81
2023/4/18,72,11,52,82,26,0.7,105
2023/4/19,60,7,25,34,15,0.8,111
2023/4/20,69,6,16,27,16,0.8,122
2023/4/21,47,9,27,46,20,0.8,94
2023/4/22,48,6,23,31,15,0.8,95
2023/4/23,22,6,14,22,14,0.6,39
2023/4/24,20,5,8,14,12,0.6,40
2023/4/25,31,6,8,19,15,0.5,61
2023/4/26,55,8,14,28,19,0.5,106
2023/4/27,52,18,33,54,28,0.7,71
2023/4/28,55,10,39,57,27,0.8,67
2023/4/29,51,6,23,51,16,0.7,89
2023/4/30,83,9,36,115,19,0.6,113
2023/5/1,70,10,36,86,22,0.7,124
2023/5/2,52,8,32,53,18,0.8,87
2023/5/3,40,5,23,39,16,0.7,80
2023/5/4,34,6,18,34,16,0.7,51
2023/5/5,41,7,25,41,18,0.6,53
2023/5/6,35,6,20,35,16,0.6,67
2023/5/7,28,4,7,14,10,0.6,56
2023/5/8,31,6,18,25,12,0.6,62
2023/5/9,50,7,35,50,17,0.7,66
2023/5/10,48,7,33,43,21,0.8,58
2023/5/11,33,6,9,14,10,0.6,65
2023/5/12,46,8,12,22,12,0.6,92
2023/5/13,41,10,27,41,22,0.7,69
2023/5/14,56,9,27,45,22,0.7,107
2023/5/15,73,8,53,79,22,0.9,106
2023/5/16,84,9,62,89,27,0.8,81
2023/5/17,72,11,52,82,26,0.7,105
2023/5/18,62,10,25,44,19,0.6,114
2023/5/19,80,10,27,46,20,0.7,135
2023/5/20,46,9,18,28,14,0.6,92
2023/5/21,43,10,27,41,15,0.7,86
2023/5/22,32,6,19,32,14,0.5,64
2023/5/23,35,6,16,30,11,0.5,69
2023/5/24,48,6,29,48,16,0.7,45
2023/5/25,52,9,34,54,26,0.9,79
2023/5/26,36,9,22,36,18,0.7,72
2023/5/27,35,8,16,25,15,0.6,70
2023/5/28,46,9,21,34,16,0.7,92
2023/5/29,60,11,22,38,18,0.7,112
2023/5/30,68,10,24,43,20,0.7,121
2023/5/31,73,10,30,46,18,0.8,127
2023/6/1,72,7,34,47,16,0.9,126
2023/6/2,64,8,30,43,16,0.8,116
2023/6/3,80,9,31,46,18,0.8,136
2023/6/4,64,9,25,38,15,0.7,116
2023/6/5,53,7,17,24,10,0.7,103
2023/6/6,55,8,15,29,13,0.7,105
2023/6/7,42,11,14,22,13,0.7,83
2023/6/8,38,11,11,20,12,0.6,75
2023/6/9,48,12,10,18,11,0.6,96
2023/6/10,51,10,12,25,12,0.7,101
2023/6/11,65,15,18,37,16,0.7,117
2023/6/12,95,14,26,50,17,0.7,153
2023/6/13,45,12,24,43,16,0.7,90
2023/6/14,44,10,16,31,13,0.7,88
2023/6/15,69,13,23,42,18,0.7,122
2023/6/16,47,13,21,35,16,0.8,93
2023/6/17,28,11,12,23,14,0.6,55
2023/6/18,33,10,13,24,14,0.6,65
2023/6/19,29,13,14,24,14,0.6,58
2023/6/20,40,11,13,23,14,0.6,79
2023/6/21,43,12,15,26,13,0.7,86
2023/6/22,39,13,13,21,11,0.5,78
2023/6/23,31,10,9,14,12,0.5,61
2023/6/24,23,13,10,17,12,0.6,45
2023/6/25,21,11,8,14,15,0.6,42
2023/6/26,28,11,10,16,13,0.5,55
2023/6/27,36,12,15,25,14,0.5,72
2023/6/28,37,11,15,28,13,0.6,74
2023/6/29,36,12,17,27,13,0.6,71
2023/6/30,41,13,21,35,15,0.6,82
2023/7/31,43,10,13,24,10,0.6,86
2023/8/1,43,9,12,23,11,0.6,86
2023/8/2,42,11,11,23,14,0.6,84
2023/8/3,83,11,20,36,15,0.7,139
2023/8/4,110,10,26,39,16,0.7,170
2023/8/5,33,10,14,24,13,0.6,65
2023/8/6,38,11,12,28,14,0.6,76
2023/8/7,35,13,17,28,13,0.6,70
2023/8/8,32,11,12,23,13,0.6,64
2023/8/9,32,11,16,32,16,0.6,61
2023/8/10,50,11,14,27,14,0.6,99
2023/8/11,57,10,8,17,13,0.6,108
2023/8/12,57,11,15,25,14,0.6,108
2023/8/13,64,11,15,26,13,0.7,116
2023/8/14,49,11,14,22,13,0.7,97
2023/8/15,42,12,18,32,14,0.7,83
2023/8/16,40,12,21,40,15,0.7,79
2023/8/17,44,11,22,36,15,0.7,87
2023/8/18,46,11,21,38,16,0.7,92
2023/8/19,60,12,22,44,18,0.8,111
2023/8/20,55,11,21,33,16,0.8,106
2023/8/21,35,13,16,29,15,0.7,70
2023/8/22,41,13,19,33,15,0.7,82
2023/8/23,29,11,16,29,18,0.7,50
2023/8/24,50,8,14,33,14,0.6,99
2023/8/25,38,10,11,22,15,0.7,76
2023/8/26,38,11,14,28,14,0.6,76
2023/8/27,40,11,14,25,14,0.6,79
2023/8/28,28,11,11,23,14,0.8,55
2023/8/29,32,9,12,17,10,0.7,63
2023/8/30,38,8,22,35,11,0.8,75
2023/8/31,50,7,22,39,15,0.8,99
2023/9/1,55,8,23,39,14,0.7,106
2023/9/2,44,7,24,34,12,0.7,88
2023/9/3,45,7,21,29,10,0.7,90
2023/9/4,37,7,12,21,9,0.7,74
2023/9/5,49,7,24,37,14,0.7,98
2023/9/6,36,8,21,34,13,0.7,72
2023/9/7,25,8,15,25,13,0.7,48
2023/9/8,29,8,11,18,13,0.6,58
2023/9/9,33,10,11,21,14,0.6,65
2023/9/10,25,9,8,13,14,0.6,50
2023/9/11,30,8,8,16,13,0.6,59
2023/9/12,45,6,9,17,13,0.6,90
2023/9/13,32,7,9,24,14,0.7,64
2023/9/14,29,7,5,11,10,0.7,58
2023/9/15,28,7,7,13,15,0.8,56
2023/9/16,33,6,11,22,17,0.7,66
2023/9/17,44,6,12,27,16,0.6,87
2023/9/18,32,7,13,26,17,0.6,63
2023/9/19,30,7,12,21,17,0.6,60
2023/9/20,31,7,13,24,18,0.6,62
2023/9/21,48,6,17,30,15,0.6,95
2023/9/22,43,7,15,22,11,0.8,85
2023/9/23,55,8,24,36,13,0.8,105
2023/9/24,49,9,30,42,15,0.9,98
2023/9/25,44,8,25,44,18,0.8,78
2023/9/26,50,7,29,45,15,0.8,99
2023/9/27,49,7,29,42,14,0.9,97
2023/9/28,47,7,26,42,14,0.9,94
2023/9/29,44,7,22,38,14,0.8,87
2023/9/30,50,6,19,30,11,0.8,99
2023/10/1,54,7,29,39,12,0.8,104
2023/10/2,46,7,28,36,11,0.9,91
2023/10/3,48,6,20,34,14,0.8,96
2023/10/4,50,9,30,44,12,0.9,100
2023/10/5,39,7,17,27,10,0.8,78
2023/10/6,45,7,22,34,12,0.7,90
2023/10/7,38,7,18,29,11,0.6,75
2023/10/8,33,7,17,25,11,0.7,65
2023/10/9,33,6,17,27,12,0.7,65
2023/10/10,26,5,7,13,12,0.7,52
2023/10/11,35,5,18,25,12,0.8,69
2023/10/12,46,7,32,45,14,0.8,88
2023/10/13,55,7,39,54,15,0.8,98
2023/10/14,63,7,45,58,16,0.7,113
2023/10/15,72,7,37,52,17,0.7,126
2023/10/16,78,8,39,57,24,0.7,133
2023/10/17,70,7,39,57,26,0.7,123
2023/10/18,48,7,33,46,23,0.7,77
2023/10/19,25,6,17,25,19,0.8,48
2023/10/20,32,6,11,17,14,0.6,63
2023/10/21,32,6,14,20,14,0.7,63
2023/10/22,39,7,23,38,19,0.8,78
2023/10/23,54,7,26,45,21,0.8,104
2023/10/24,43,7,21,36,21,0.8,86
2023/10/25,46,6,19,33,21,0.7,92
2023/10/26,49,6,30,43,19,0.7,98
2023/10/27,32,6,22,31,14,0.7,49
2023/10/28,42,6,14,23,14,0.7,83
2023/10/29,53,6,37,50,17,0.8,53
2023/10/30,53,6,35,50,18,0.8,103
2023/10/31,65,6,32,50,25,0.7,118
2023/11/1,68,6,35,53,25,0.7,121
2023/11/2,74,6,34,50,26,0.7,128
2023/11/3,64,7,46,67,30,0.8,108
2023/11/4,48,6,33,48,22,0.7,88
2023/11/5,56,7,33,49,23,0.8,107
2023/11/6,36,7,16,30,15,0.7,72
2023/11/7,34,8,21,34,20,0.7,56
2023/11/8,47,7,28,47,27,0.8,61
2023/11/9,54,7,33,57,26,0.8,74
2023/11/10,28,6,14,28,16,0.8,48
2023/11/11,23,7,10,20,15,0.9,29
2023/11/12,20,6,9,17,16,0.7,17
2023/11/13,20,6,8,15,13,0.8,34
2023/11/14,23,6,14,22,14,0.9,29
2023/11/15,39,6,26,39,17,0.8,31
2023/11/16,40,6,20,38,17,0.7,80
2023/11/17,54,8,29,58,23,0.5,85
2023/11/18,53,9,29,56,25,0.5,92
2023/11/19,56,9,33,62,33,0.6,99
2023/11/20,59,8,39,68,32,0.7,104
2023/11/21,68,8,38,66,31,0.7,121
2023/11/22,74,7,42,69,32,0.7,128
2023/11/23,65,7,47,73,32,0.7,90
2023/11/24,74,9,54,78,25,0.8,127
2023/11/25,75,9,55,90,28,0.8,126
2023/11/26,84,11,62,97,25,0.9,123
2023/11/27,83,10,61,90,23,0.9,120
2023/11/28,63,8,45,70,27,0.8,109
2023/11/29,64,7,46,73,32,0.8,68
2023/11/30,73,8,53,79,22,0.9,106
2023/12/1,84,9,62,89,27,0.8,81
2023/12/2,72,11,52,82,26,0.7,105
2023/12/3,42,7,29,38,16,0.8,36
2023/12/4,23,6,14,20,16,0.9,32
2023/12/5,41,8,27,41,21,0.9,36
2023/12/6,52,8,29,53,28,0.9,61
2023/12/7,54,8,30,57,30,0.7,85
2023/12/8,66,10,37,62,31,0.6,119
2023/12/9,80,12,59,92,40,0.7,51
2023/12/10,69,8,50,75,33,0.7,40
2023/12/11,46,8,30,46,21,0.6,70
2023/12/12,26,6,15,26,14,0.6,39
2023/12/13,56,8,35,62,31,0.8,36
2023/12/14,48,7,29,48,26,0.7,77
2023/12/15,44,7,24,44,21,0.7,48
2023/12/16,31,6,15,31,14,0.6,41
2023/12/17,30,7,20,30,12,0.5,46
2023/12/18,20,6,14,19,14,0.6,28
2023/12/19,21,6,12,18,13,0.6,42
2023/12/20,49,7,33,49,16,0.5,56
2023/12/21,54,8,34,58,25,0.6,48
2023/12/22,65,9,47,75,18,0.6,93
2023/12/23,54,10,38,58,20,0.6,91
2023/12/24,57,11,40,59,27,0.6,95
2023/12/25,73,8,53,79,22,0.9,106
2023/12/26,84,9,62,89,27,0.8,81
2023/12/27,72,11,52,82,26,0.7,105
2023/12/28,73,9,53,83,41,0.9,105
2023/12/29,74,9,54,84,42,0.9,111
2023/12/30,70,9,51,81,38,0.8,120
2023/12/31,93,10,69,92,29,1,126
2024/1/1,133,10,101,119,20,1.2,108
2024/1/2,59,7,42,48,17,1,58
2024/1/3,42,7,25,35,16,0.8,83
2024/1/4,50,7,30,50,27,0.7,77
2024/1/5,62,8,44,68,29,0.8,97
2024/1/6,59,7,42,52,19,0.9,36
2024/1/7,65,8,47,62,17,0.9,52
2024/1/8,32,7,22,31,16,1.1,33
2024/1/9,30,6,20,30,17,1.1,32
2024/1/10,49,7,34,47,15,1,65
2024/1/11,72,7,52,66,19,1,46
2024/1/12,57,8,40,56,22,1,48
2024/1/13,61,8,42,71,30,1,59
2024/1/14,93,9,45,73,32,0.9,151
2024/1/15,77,10,56,85,29,0.9,113
2024/1/16,109,9,82,107,26,1.1,122
2024/1/17,64,10,40,62,28,0.7,116
2024/1/18,73,8,53,79,22,0.9,106
2024/1/19,84,9,62,89,27,0.8,81
2024/1/20,72,11,52,82,26,0.7,105
2024/1/21,28,7,19,25,14,0.7,33
2024/1/22,25,6,12,16,13,0.7,50
2024/1/23,46,7,32,46,13,0.6,66
2024/1/24,54,8,38,48,13,0.6,69
2024/1/25,55,8,39,52,15,0.6,63
2024/1/26,58,8,41,56,17,0.7,60
2024/1/27,50,6,35,39,15,0.8,55
2024/1/28,63,7,45,50,14,0.8,58
2024/1/29,54,7,38,44,18,1,44
2024/1/30,54,7,38,56,28,1.4,15
2024/1/31,50,8,32,50,24,1.1,48
2024/2/1,45,7,28,45,24,0.9,39
2024/2/2,35,7,24,32,17,1.2,19
2024/2/3,30,7,21,28,13,0.8,20
2024/2/4,20,7,11,16,11,0.8,29
2024/2/5,26,7,18,24,9,0.9,45
2024/2/6,23,8,14,17,8,0.9,45
2024/2/7,29,7,8,11,8,0.9,58
2024/2/8,31,7,21,24,8,0.8,62
2024/2/9,60,8,43,49,9,0.7,72
2024/2/10,134,12,102,113,10,0.7,85
2024/2/11,95,10,71,83,12,0.6,83
2024/2/12,68,9,49,63,12,0.5,99
2024/2/13,60,10,43,61,12,0.6,87
2024/2/14,75,9,55,74,15,0.7,80
2024/2/15,48,9,33,42,12,0.7,66
2024/2/16,36,8,25,34,10,0.7,72
2024/2/17,65,9,47,60,17,0.8,58
2024/2/18,39,8,24,39,13,0.5,56
2024/2/19,44,9,28,44,14,0.5,50
2024/2/20,38,9,26,37,11,0.5,56
2024/2/21,36,9,24,36,12,0.5,42
2024/2/22,18,8,8,18,9,0.5,34
2024/2/23,21,8,7,14,9,0.6,41
2024/2/24,25,8,8,16,8,0.7,50
2024/2/25,25,8,10,15,8,0.7,49
2024/2/26,23,8,9,14,10,0.7,46
2024/2/27,26,9,14,20,11,0.7,52
2024/2/28,22,8,9,14,12,0.8,43
2024/2/29,29,8,9,15,12,0.8,58
2024/3/1,65,9,47,61,16,0.7,74
2024/3/2,58,8,41,54,19,0.7,83
2024/3/3,46,8,31,46,21,0.8,48
2024/3/4,27,8,15,23,21,0.8,51
2024/3/5,37,8,22,37,16,0.8,61
2024/3/6,60,7,43,57,14,0.8,65
2024/3/7,73,8,53,79,22,0.9,106
2024/3/8,84,9,62,89,27,0.8,81
2024/3/9,72,11,52,82,26,0.7,105
2024/3/10,32,6,22,31,16,0.8,51
2024/3/11,46,6,14,26,14,0.7,92
2024/3/12,59,8,29,50,22,0.7,110
2024/3/13,47,9,28,47,25,0.6,83
2024/3/14,32,7,14,21,15,0.6,63
2024/3/15,27,8,15,26,21,0.9,43
2024/3/16,41,8,26,41,26,0.9,35
2024/3/17,51,8,33,51,25,0.8,38
2024/3/18,28,7,17,28,14,0.8,44
2024/3/19,42,7,15,34,12,0.5,84
2024/3/20,64,8,30,78,17,0.5,100
2024/3/21,74,10,46,98,27,0.7,104
2024/3/22,51,7,29,51,17,0.6,82
2024/3/23,46,7,26,46,18,0.6,61
2024/3/24,46,7,29,46,17,0.6,51
2024/3/25,42,8,26,42,14,0.6,84
2024/3/26,49,7,19,34,13,0.7,98
2024/3/27,69,9,50,81,31,0.9,79
2024/3/28,51,7,22,34,15,0.6,101
2024/3/29,55,7,24,42,19,0.7,105
2024/3/30,51,7,34,52,23,0.8,50
2024/3/31,49,7,34,48,21,0.8,76
2024/4/1,52,7,36,53,14,0.7,79
2024/4/2,49,7,33,49,11,0.6,80
2024/4/3,46,8,27,46,14,0.6,65
2024/4/4,30,7,12,22,10,0.9,60
2024/4/5,26,6,11,17,10,0.9,51
2024/4/6,23,6,8,13,10,0.9,31
2024/4/7,23,7,8,14,10,0.9,40
2024/4/8,27,7,12,24,15,0.9,54
2024/4/9,60,7,25,42,18,0.8,112
2024/4/10,49,8,28,49,20,0.8,58
2024/4/11,57,9,36,63,27,1,49
2024/4/12,62,9,44,67,27,1,45
2024/4/13,57,9,40,64,23,0.9,52
2024/4/14,54,9,37,58,21,0.8,60
2024/4/15,57,9,40,61,21,0.8,71
2024/4/16,54,8,38,56,23,0.8,75
2024/4/17,45,8,19,38,18,0.8,89
2024/4/18,54,8,13,25,14,0.7,104
2024/4/19,29,8,17,24,16,0.6,57
2024/4/20,48,7,12,18,15,0.6,95
2024/4/21,37,6,9,16,14,0.6,74
2024/4/22,33,6,13,25,13,0.7,66
2024/4/23,38,6,15,28,14,0.6,75
2024/4/24,50,6,28,50,20,0.7,70
2024/4/25,54,6,38,56,18,0.6,76
2024/4/26,51,7,16,25,13,0.6,101
2024/4/27,57,9,18,30,19,0.6,108
2024/4/28,57,8,23,35,14,0.6,108
2024/4/29,34,8,19,34,16,0.5,64
2024/4/30,75,7,13,21,10,0.6,129
2024/5/1,33,7,9,16,9,0.6,66
2024/5/2,23,7,14,20,12,0.6,46
2024/5/3,22,8,15,21,14,0.6,36
2024/5/4,47,9,13,20,15,0.5,93
2024/5/5,47,7,13,22,12,0.4,94
2024/5/6,30,8,17,30,19,0.7,58
2024/5/7,48,7,20,34,17,0.7,96
2024/5/8,46,8,32,44,12,0.7,85
2024/5/9,46,8,30,46,19,0.7,54
2024/5/10,50,8,30,50,20,0.6,95
2024/5/11,47,9,26,47,17,0.6,90
2024/5/12,43,7,13,26,10,0.6,85
2024/5/13,80,8,29,80,13,0.6,135
2024/5/14,88,9,31,65,20,0.6,145
2024/5/15,96,9,38,68,21,0.7,155
2024/5/16,83,9,29,62,22,0.6,139
2024/5/17,100,9,36,60,23,0.6,159
2024/5/18,43,7,21,31,17,0.6,86
2024/5/19,38,6,11,16,13,0.5,76
2024/5/20,35,7,12,21,11,0.6,69
2024/5/21,32,7,12,21,10,0.6,63
2024/5/22,44,7,20,34,14,0.6,87
2024/5/23,48,7,23,37,14,0.6,95
2024/5/24,61,7,20,31,12,0.6,113
2024/5/25,71,6,18,30,12,0.6,125
2024/5/26,26,7,15,25,16,0.5,51
2024/5/27,39,6,10,20,13,0.5,78
2024/5/28,49,7,17,30,13,0.6,98
2024/5/29,49,6,17,29,12,0.6,97
2024/5/30,70,8,21,39,12,0.6,123
2024/5/31,41,6,8,18,9,0.6,82
2024/6/1,37,6,10,18,8,0.7,73
2024/6/2,47,6,7,15,9,0.7,93
2024/6/3,46,6,14,30,12,0.6,92
2024/6/4,29,6,10,15,10,0.7,58
2024/6/5,28,6,5,10,8,0.6,55
2024/6/6,43,6,14,26,9,0.6,86
2024/6/7,42,6,18,27,10,0.7,83
2024/6/8,47,8,11,23,11,0.6,94
2024/6/9,29,8,10,20,12,0.6,58
2024/6/10,27,8,12,21,9,0.5,53
2024/6/11,30,8,10,20,9,0.5,59
2024/6/12,32,7,14,26,13,0.5,63
2024/6/13,24,7,16,24,15,0.6,44
2024/6/14,30,7,16,30,13,0.6,46
2024/6/15,31,7,7,13,13,0.6,61
2024/6/16,36,7,11,19,10,0.6,71
2024/6/17,28,7,9,21,10,0.5,55
2024/6/18,23,8,8,17,13,0.6,46
2024/6/19,28,8,10,20,13,0.6,56
2024/6/20,35,8,14,26,12,0.6,70
2024/6/21,32,7,12,22,9,0.6,63
2024/6/22,30,8,11,22,11,0.6,59
2024/6/23,34,8,11,21,11,0.6,68
2024/6/24,31,9,9,18,10,0.6,62
2024/6/25,23,8,9,20,14,0.6,45
2024/6/26,36,9,12,24,12,0.7,72
2024/6/27,31,9,11,23,12,0.6,62
2024/6/28,31,8,13,26,15,0.6,61
2024/6/29,27,8,12,25,15,0.5,53
2024/6/30,28,8,14,26,17,0.6,55
2024/7/1,32,8,16,30,16,0.6,63
2024/7/2,30,8,12,24,16,0.6,60
2024/7/3,27,8,11,21,11,0.5,54
2024/7/4,35,8,12,19,11,0.5,69
2024/7/5,32,8,13,24,13,0.5,63
2024/7/6,30,9,11,24,14,0.5,59
2024/7/7,40,9,15,28,13,0.6,79
2024/7/8,37,8,14,23,12,0.5,73
2024/7/9,40,8,16,25,12,0.5,79
2024/7/10,41,9,17,24,12,0.5,81
2024/7/11,40,8,17,29,14,0.6,79
2024/7/12,47,8,16,29,13,0.5,94
2024/7/13,35,8,12,23,13,0.5,70
2024/7/14,40,8,14,26,13,0.5,79
2024/7/15,38,9,16,25,13,0.5,75
2024/7/16,37,9,15,26,12,0.5,73
2024/7/17,42,8,13,21,13,0.5,83
2024/7/18,31,8,11,18,12,0.5,62
2024/7/19,40,10,13,24,14,0.6,79
2024/7/20,45,8,15,28,14,0.6,90
2024/7/21,36,8,14,23,12,0.6,71
2024/7/22,39,9,13,22,12,0.6,78
2024/7/23,40,10,13,24,12,0.6,79
2024/7/24,50,8,21,32,14,0.7,99
2024/7/25,62,7,23,39,16,0.7,114
2024/7/26,57,6,34,54,18,0.7,108
2024/7/27,33,6,20,29,14,0.6,65
2024/7/28,35,6,8,13,11,0.6,70
2024/7/29,21,7,7,14,10,0.5,41
2024/7/30,26,7,8,18,10,0.5,51
2024/7/31,27,8,9,17,10,0.5,54
2024/8/1,29,8,12,21,10,0.5,57
2024/8/2,33,7,12,24,12,0.6,65
2024/8/3,36,8,16,31,13,0.6,72
2024/8/4,39,7,17,33,14,0.6,77
2024/8/5,37,6,16,28,14,0.6,73
2024/8/6,42,7,16,29,13,0.6,84
2024/8/7,38,7,17,30,13,0.6,75
2024/8/8,37,8,18,31,14,0.6,74
2024/8/9,43,8,19,31,13,0.6,86
2024/8/10,39,7,20,32,13,0.6,77
2024/8/11,41,7,19,30,13,0.6,82
2024/8/12,33,7,9,20,12,0.5,66
2024/8/13,36,7,7,18,12,0.5,71
2024/8/14,29,7,9,21,13,0.6,58
2024/8/15,44,6,9,21,12,0.5,87
2024/8/16,29,6,7,14,14,0.5,58
2024/8/17,40,6,8,16,11,0.5,80
2024/8/18,34,6,9,19,11,0.6,67
2024/8/19,40,7,11,25,12,0.6,79
2024/8/20,35,7,15,29,14,0.6,69
2024/8/21,27,8,10,21,12,0.5,54
2024/8/22,26,8,9,20,12,0.5,52
2024/8/23,30,7,9,23,13,0.5,59
2024/8/24,37,6,12,27,12,0.5,74
2024/8/25,34,8,16,30,16,0.6,68
2024/8/26,42,7,15,28,12,0.6,83
2024/8/27,45,8,22,35,15,0.6,90
2024/8/28,44,7,20,34,14,0.7,88
2024/8/29,55,8,20,33,13,0.7,105
2024/8/30,65,7,18,33,14,0.7,117
2024/8/31,44,9,17,32,13,0.6,88
2024/9/1,40,8,16,34,15,0.5,79
2024/9/2,40,9,12,26,14,0.5,80
2024/9/3,50,8,13,25,12,0.5,100
2024/9/4,60,7,13,29,14,0.6,112
2024/9/5,54,6,21,39,16,0.7,104
2024/9/6,32,6,18,32,13,0.6,62
2024/9/7,27,6,9,18,10,0.5,54
2024/9/8,27,7,9,20,13,0.5,54
2024/9/9,35,9,13,23,13,0.5,69
2024/9/10,40,8,12,28,15,0.5,79
2024/9/11,41,8,15,30,15,0.5,81
2024/9/12,59,7,22,38,13,0.6,110
2024/9/13,58,7,27,41,12,0.6,109
2024/9/14,55,7,23,38,12,0.6,106
2024/9/15,42,7,26,37,13,0.7,83
2024/9/16,44,7,16,30,11,0.6,88
2024/9/17,35,6,20,31,8,0.6,70
2024/9/18,48,7,23,38,11,0.6,96
2024/9/19,51,6,26,41,15,0.6,101
2024/9/20,43,6,22,37,12,0.7,86
2024/9/21,32,6,16,27,11,0.6,63
2024/9/22,38,6,10,31,11,0.5,76
2024/9/23,55,6,20,37,11,0.6,105
2024/9/24,50,6,26,42,13,0.7,99
2024/9/25,36,5,24,35,14,0.8,72
2024/9/26,37,5,21,36,19,0.8,74
2024/9/27,37,6,21,37,19,0.7,74
2024/9/28,45,7,20,35,16,0.7,90
2024/9/29,56,7,27,43,19,0.7,107
2024/9/30,55,7,29,46,18,0.7,106
2024/10/1,46,6,20,46,10,0.6,71
2024/10/2,80,8,29,80,13,0.6,135
2024/10/3,88,9,31,65,20,0.6,145
2024/10/4,96,9,38,68,21,0.7,155
2024/10/5,88,7,30,49,16,0.6,145
2024/10/6,96,9,37,57,16,0.7,155
2024/10/7,98,8,47,68,15,0.7,157
2024/10/8,68,6,29,42,11,0.5,121
2024/10/9,58,7,28,40,13,0.6,109
2024/10/10,60,7,30,47,17,0.6,111
2024/10/11,95,7,39,59,23,0.6,154
2024/10/12,80,8,34,53,24,0.6,135
2024/10/13,80,9,41,61,26,0.6,136
2024/10/14,115,8,44,59,19,0.6,176
2024/10/15,47,7,11,19,11,0.6,93
2024/10/16,43,7,23,40,11,0.7,86
2024/10/17,51,8,27,41,18,0.7,101
2024/10/18,45,9,28,45,21,0.5,72
2024/10/19,36,6,14,31,12,0.5,72
2024/10/20,34,6,9,22,10,0.6,67
2024/10/21,35,7,18,32,12,0.7,70
2024/10/22,33,7,17,33,13,0.6,58
2024/10/23,43,6,14,31,13,0.5,86
2024/10/24,65,6,21,40,15,0.5,118
2024/10/25,68,6,26,46,18,0.5,121
2024/10/26,70,6,34,56,15,0.6,123
2024/10/27,41,5,16,26,10,0.6,82
2024/10/28,42,5,16,27,10,0.5,84
2024/10/29,48,6,30,48,14,0.6,68
2024/10/30,53,7,35,51,14,0.6,103
2024/10/31,79,7,33,55,18,0.7,134
2024/11/1,71,7,29,47,14,0.6,125
2024/11/2,80,7,49,70,14,0.7,135
2024/11/3,74,7,54,73,17,0.8,121
2024/11/4,73,6,53,67,17,0.9,90
2024/11/5,86,7,49,70,19,0.8,143
2024/11/6,88,8,54,74,19,0.8,145
2024/11/7,80,8,29,80,13,0.6,135
2024/11/8,88,9,31,65,20,0.6,145
2024/11/9,96,9,38,68,21,0.7,155
2024/11/10,83,10,41,56,17,0.6,139
2024/11/11,80,9,47,64,18,0.7,136
2024/11/12,72,8,44,62,21,0.7,126
2024/11/13,65,8,44,67,28,0.7,117
2024/11/14,60,7,43,66,26,0.7,67
2024/11/15,43,7,26,43,18,0.6,63
2024/11/16,43,6,27,37,13,0.7,85
2024/11/17,41,6,25,37,13,0.7,81
2024/11/18,30,6,11,23,11,0.6,59
2024/11/19,27,6,9,21,11,0.5,53
2024/11/20,25,5,12,20,13,0.5,49
2024/11/21,28,5,17,27,12,0.5,56
2024/11/22,32,5,19,32,14,0.6,45
2024/11/23,40,5,26,40,14,0.7,44
2024/11/24,52,6,30,54,20,0.8,68
2024/11/25,50,6,29,50,16,0.7,84
2024/11/26,41,5,12,29,11,0.5,81
2024/11/27,43,6,17,39,13,0.5,86
2024/11/28,51,6,22,52,22,0.5,86
2024/11/29,53,7,28,55,28,0.5,100
2024/11/30,59,9,40,68,37,0.6,88
2024/12/1,78,8,57,87,37,0.8,104
2024/12/2,65,8,47,73,38,0.7,108
2024/12/3,60,9,43,68,37,0.7,112
2024/12/4,73,8,51,78,31,0.8,127
2024/12/5,119,7,90,116,19,0.9,88
2024/12/6,53,5,37,50,17,0.8,32
2024/12/7,24,5,12,23,15,0.7,47
2024/12/8,42,5,28,42,14,0.6,79
2024/12/9,79,8,58,80,23,0.7,69
2024/12/10,108,7,81,105,25,1,42
2024/12/11,34,5,21,34,19,0.8,32
2024/12/12,62,6,44,58,17,0.6,56
2024/12/13,49,5,34,49,19,0.7,57
2024/12/14,75,7,55,80,22,0.7,82
2024/12/15,52,6,27,53,20,0.5,89
2024/12/16,53,7,32,56,23,0.6,94
2024/12/17,62,7,44,72,34,0.7,72
2024/12/18,59,9,41,67,25,0.7,101
2024/12/19,70,8,51,73,21,0.7,115
2024/12/20,92,9,68,92,30,0.8,109
2024/12/21,95,9,71,91,25,0.8,114
2024/12/22,107,10,80,101,22,0.8,114
2024/12/23,108,11,81,108,22,0.9,97
2024/12/24,103,11,77,100,25,0.9,104
2024/12/25,113,10,85,111,25,0.9,101
2024/12/26,122,10,92,113,26,1,85
2024/12/27,112,10,84,105,22,0.8,84
2024/12/28,108,9,81,105,23,0.8,113
2024/12/29,88,8,65,91,35,0.8,109
2024/12/30,117,9,88,123,46,1,68
2024/12/31,113,7,85,109,33,1,114
2025/1/1,93,8,69,98,38,1,113
2025/1/2,99,8,74,99,31,1,129
2025/1/3,98,9,73,100,25,0.9,142
2025/1/4,119,9,90,122,37,1,135
2025/1/5,130,9,99,129,31,1,144
2025/1/6,113,8,85,111,31,1,127
2025/1/7,93,8,69,95,29,0.9,125
2025/1/8,94,9,70,106,21,0.9,113
2025/1/9,83,9,61,94,20,0.8,62
2025/1/10,52,7,36,54,15,0.6,92
2025/1/11,60,8,43,67,20,0.6,100
2025/1/12,65,9,47,73,32,0.7,102
2025/1/13,65,8,47,78,35,0.8,94
2025/1/14,67,8,48,81,43,0.8,101
2025/1/15,79,8,58,94,22,0.8,109
2025/1/16,77,8,56,93,20,0.8,113
2025/1/17,65,8,46,79,30,0.8,112
2025/1/18,69,8,50,76,32,0.8,112
2025/1/19,79,8,58,89,36,0.9,115
2025/1/20,88,8,65,97,38,1,117
2025/1/21,83,8,61,85,32,1,127
2025/1/22,104,8,51,75,28,0.9,164
2025/1/23,78,7,57,83,30,0.9,100
2025/1/24,58,6,41,57,16,0.8,77
2025/1/25,98,5,73,83,15,1.1,48
2025/1/26,39,5,12,22,10,0.8,77
2025/1/27,45,5,21,45,8,0.6,89
2025/1/28,57,7,36,63,8,0.6,90
2025/1/29,239,25,189,210,17,0.8,82
2025/1/30,85,10,63,75,11,0.6,83
2025/1/31,48,7,33,43,9,0.6,79
2025/2/1,23,5,15,22,8,0.9,31
2025/2/2,25,5,9,14,8,1,19
2025/2/3,25,5,10,14,6,0.9,49
2025/2/4,45,5,31,37,9,0.8,76
2025/2/5,69,6,50,59,15,0.9,43
2025/2/6,53,6,37,45,9,0.9,46
2025/2/7,29,5,18,26,9,0.7,58
2025/2/8,64,5,31,78,8,0.6,76
2025/2/9,46,7,24,46,9,0.6,87
2025/2/10,62,8,44,67,21,0.8,68
2025/2/11,94,7,70,83,26,0.9,89
2025/2/12,70,6,51,68,18,0.9,67
2025/2/13,90,6,67,81,12,0.9,85
2025/2/14,98,8,73,91,20,1,92
2025/2/15,98,7,73,81,16,1,55
2025/2/16,38,6,26,35,10,0.7,61
2025/2/17,29,6,19,29,11,0.7,49
2025/2/18,26,6,16,26,11,0.7,49
2025/2/19,35,7,24,33,13,0.8,37
2025/2/20,24,7,13,24,11,0.8,33
2025/2/21,22,6,14,22,12,0.8,38
2025/2/22,22,6,14,22,12,0.8,30
2025/2/23,26,6,10,18,10,0.7,52
2025/2/24,57,7,40,48,11,0.8,85
2025/2/25,102,8,76,88,18,0.9,61
2025/2/26,104,8,78,85,21,1,45
2025/2/27,83,6,61,74,32,1.2,46
2025/2/28,57,7,40,57,22,0.8,90
2025/3/1,41,7,25,38,16,0.6,82
2025/3/2,43,7,25,40,18,0.6,85
2025/3/3,51,8,33,52,19,0.7,66
2025/3/4,23,6,10,23,10,0.7,36
2025/3/5,20,6,11,20,10,0.8,36
2025/3/6,29,6,9,21,10,0.7,57
2025/3/7,29,6,20,28,12,0.8,54
2025/3/8,50,6,35,43,12,0.7,63
2025/3/9,40,6,28,39,16,0.8,47
2025/3/10,52,6,33,54,29,1.1,31
2025/3/11,75,8,55,94,42,1.3,66
2025/3/12,59,7,42,64,32,0.9,64
2025/3/13,37,7,25,37,16,0.9,38
2025/3/14,31,6,18,31,14,0.9,42
2025/3/15,25,6,4,16,11,0.6,50
2025/3/16,47,6,21,35,11,0.3,93
2025/3/17,50,6,31,50,13,0.4,94
2025/3/18,56,7,23,36,12,0.4,107
2025/3/19,80,7,33,50,23,0.6,135
2025/3/20,81,8,33,50,29,0.6,137
2025/3/21,85,10,36,55,32,0.6,142
2025/3/22,124,15,47,69,35,0.7,186
2025/3/23,127,17,55,76,32,0.8,189
2025/3/24,126,15,64,88,32,0.9,188
2025/3/25,114,20,64,86,29,0.9,175
2025/3/26,90,14,53,76,27,0.9,147
2025/3/27,53,11,33,55,17,0.7,98
2025/3/28,65,8,35,80,18,0.5,71
2025/3/29,23,6,9,18,12,0.4,45
2025/3/30,21,6,8,17,11,0.4,42
2025/3/31,25,6,14,25,13,0.5,48
2025/4/1,49,6,27,45,14,0.6,97
2025/4/2,63,7,32,55,25,0.6,115
2025/4/3,78,8,40,72,28,0.6,133
2025/4/4,93,14,69,104,25,0.7,124
2025/4/5,113,10,85,114,25,0.8,113
2025/4/6,80,8,59,89,23,0.8,115
2025/4/7,78,9,57,83,26,0.8,116
2025/4/8,68,9,49,79,32,0.8,117
2025/4/9,77,8,56,83,34,0.9,89
2025/4/10,72,7,52,74,26,0.9,122
2025/4/11,54,7,38,57,26,0.8,63
2025/4/12,110,8,56,169,16,0.5,77
2025/4/13,240,6,111,378,16,0.4,89
2025/4/14,139,10,80,228,27,0.6,117
2025/4/15,87,11,53,123,31,0.5,133
